x1,x2,x3,y
-0.49205127866426124,-0.9622869281766051,-0.8124155143763916,-4.201009995349769
-0.2382970922761094,-0.046138624862201105,0.1776518825674025,0.020591141622434778
1.0,-1.0,0.3722048515715697,-7.069082730868752
-0.5397115201235863,-0.41560128521948925,-0.7918737008305561,0.45394863471740365
1.0,0.24512973238037183,-1.0,10.343569949918457
0.8749874707829655,0.09731150386940035,0.4825731103727464,4.841882383683538
1.0,-0.32866546256300544,0.3429585383658209,4.75122234718915
-1.0,-0.39469104800319044,0.47449153306116565,-0.8186815142259599
-1.0,0.9096632823618505,-0.14202765437284537,5.745340743931816
-0.8508733524017311,-0.739599948025939,0.9522867870480449,7.631936421452569
0.03957480369406263,-0.734619648738098,0.8364453009122588,-1.065024551288356
0.2073257477626418,0.08444808700632778,-0.04523794208182408,1.3297320862806679
-0.6592218812067248,-0.04477941285148446,-1.0,0.8050772263768657
-0.292332401859966,-0.45492952734786396,-1.0,-4.59714826789101
-0.35612049943873036,0.9072505684634824,-1.0,-2.285392584597135
-0.7172618026383968,0.5112177774065749,-0.5414400699083926,-1.2861439328214568
0.5773709417684563,-1.0,0.11636188111519741,-1.14399766239098
0.699777394926878,-1.0,0.09135788531733047,-1.9287496837816702
-1.0,1.0,0.12644944958603843,6.7181387139369955
-0.22691805147165356,0.5205237411135022,0.17746419831398041,0.35563547184677236
-0.22700938391847636,0.10987196856475956,-0.10538258002998835,0.525740497535291
1.0,0.5081737145035083,-0.15110170546107815,5.8618836596545645
0.48824700151570255,-0.15829571637935036,1.0,-1.4835863312811752
-0.8211132434781558,1.0,0.45130715293516466,2.5080135002757395
-0.6263605658250053,0.5832470066579523,-0.034855556791315134,-2.5256102459940486
-0.1780758439448502,-0.9139274766723011,0.7851487704722502,-0.4681143367713407
0.9548430896559772,-0.30940217132635617,-1.0,1.6163121686996642
0.10126740837628123,0.34947953595570813,1.0,1.277326653875295
1.0,-0.4543775278624027,0.7121930870830879,5.286942330117733
0.35357954632937916,0.22000377757947098,-0.452237370973513,1.228136501475652
-0.9292295103308765,0.40169607039282385,-0.5472045359361657,-0.8814785528811101
-0.08450538147754605,0.0483974557307818,-0.6393692935134321,0.27121579621344827
-1.0,-1.0,1.0,21.502846600486617
1.0,-0.14668573809151542,-0.4202396854070858,4.879762801474704
1.0,0.1010646457342026,-0.12466039345590207,4.3569799711863615
-0.18134846755559386,-0.18671991260261844,0.059111381283167175,0.6785434074598489
0.2548289490859048,-1.0,1.0,-7.248166755919685
-0.3876767122065754,-0.07063275087831355,-0.1816972891346602,-0.1042267079966825
1.0,0.1111914452133489,0.19110199363683522,5.007224578137994
-0.03332973108393111,-0.375849244577781,-1.0,-5.0060250542149864
0.3804331099338707,-1.0,0.014981331107661644,0.3604998596519742
1.0,-0.12740742055874632,-1.0,6.808935473919942
-0.43868794995145954,-1.0,0.013014079488218755,3.6062868752769717
0.1387043925849023,0.08286161781042889,0.549885480191018,0.9201435835061016
-0.5163940545310854,0.14568818224864577,1.0,1.6783448218039776
-0.2450917414635081,-0.8813872125527262,0.7078227833317261,0.7947575026885129
0.28354194295156554,-0.4453540031764889,0.8111612731433706,0.23626549274466258
-0.7487437207794756,-0.5619015062052286,1.0,4.430190976499014
-0.927585025252712,0.1722586799732373,0.048764668854234694,-3.496552637159029
-0.0430794559119565,1.0,-1.0,3.8479033869513724
0.5073558310551989,0.06636438289928481,0.03477840331240456,1.695562442181929
0.2462010454219159,0.9282194460184154,-1.0,1.027689110277381
-1.0,0.6679349236441579,-0.7987145602343673,9.048020598395418
0.6051006056373756,-1.0,-0.2527409791624622,-1.8252962771402195
0.21435537912703628,1.0,-0.7485467545669973,10.679145547709817
-0.18335589630497307,0.24064387151846778,-0.7906570195112705,-0.5426803590782041
-0.8899255539129012,0.10982860880433476,0.6289456557162911,-2.9273544777193385
-1.0,-0.5392514586506147,0.4989142542716092,1.6510688003477962
-0.2665056846930036,-1.0,-0.1663330535883416,2.8313620642481165
0.7555228029423182,1.0,-0.521368890897536,12.865737811629973
-1.0,-0.020787660212767234,1.0,3.408507059828491
1.0,-1.0,-0.7740342907144777,-17.272285516095927
-0.13821875219513924,0.380800439467859,-1.0,-3.8088920742995738
1.0,-0.16218060871629913,0.7491582549794495,7.764190743000029
0.33753179440638625,-0.5817488165893627,-0.5431371335190252,0.6472153987877586
-1.0,1.0,0.6396740194908839,0.8312109495170872
-0.12832169826855822,-0.9664049404155319,-0.1395776188956237,2.9500465545021486
0.8094684926259259,1.0,-0.18489800684883173,10.61642133822767
-0.07914769920671194,0.10226377698990108,-1.0,-3.829273750809758
0.9159217025582764,-1.0,0.4266448411743857,-5.286656633002817
1.0,-1.0,0.7552176751375841,-5.763008529544645
-0.5137524112112435,0.5207855944681725,0.29179398992022976,-1.2639195187348313
1.0,-0.3693901714930896,-0.09341879856450896,4.175050027709034
-1.0,-0.2035636218772312,-0.5029975587451831,-2.558973425508547
-0.34275189010238694,0.39406313051003994,0.19714117611424675,-0.8272632463409691
-0.334750272495846,-0.40222461595522496,0.33565818647905266,0.2939837185235924
-1.0,1.0,0.23311628164554876,4.958389972580829
0.5541049385526706,0.3695947257104726,0.06519321483968832,1.656121274749851
-0.19745062731413943,-0.12379173426618761,-0.09319093204449946,0.6004743082937114
1.0,0.796440197145605,-1.0,19.833685494157805
-0.5494478082991769,-1.0,1.0,-1.3038460495549813
-0.14830950142164734,0.08567495533594482,0.8726784240301009,-0.1016201105210528
0.6801079466506323,1.0,0.8451242301748414,10.26095847739218
0.6232271152280633,-0.31893865839420554,0.25167250317689915,1.8656656200574475
1.0,0.7355226674728281,0.10178466867588898,8.456821225801246
0.048741327984631155,0.8218347156036707,0.06863266722520667,3.0232703972839166
-0.9812477515806044,0.3431593836848872,-1.0,14.642598916409357
0.11590009220854536,-1.0,-0.06818298847107007,2.051103651306994
-0.9363034535911896,-0.9110700639749241,-1.0,1.9373843461841638
0.9709365506564109,-1.0,-1.0,-29.853638984919836
-0.02430112088160996,-0.5114273537325431,0.9147257507546838,-1.7422443711211686
0.5200491570576082,-1.0,0.2219940288803659,-0.5080029478304876
1.0,-0.9360973071386065,0.37187661566969243,-3.364677276857887
0.5060526166314996,0.3407136252088927,-0.5497138702535294,1.4840619440396312
0.5085578833560729,0.7206946635622304,-0.4118548113730105,2.1003513435187067
-1.0,-0.10082377823652489,0.5845619823505566,-2.9333880563940182
0.9494912732525971,-0.44835977190137033,-0.4595851249559886,3.0846814489311845
-1.0,-0.4673892824242174,0.8367134516036392,3.9597198886920313
-0.8397221506379673,-0.4758665236375961,-0.6876595915876857,1.4288171926695423
1.0,-0.08963598653883786,-0.7410468374114589,6.480621933473241
-0.35888785548530255,0.3783704989999832,1.0,2.6574336988823504
-0.26582089212433435,-0.8553000724082431,-1.0,-9.895816704479444
1.0,0.4650512294346525,-0.6550913301824035,6.1393752179261645
0.08743262256923345,-0.46724533546681135,0.16948920537350287,0.3754496694349596
1.0,0.5483327777836431,0.9876117509140885,23.04527827647626
-1.0,0.23305608478254491,0.3695051385286432,-4.60927519247203
0.10288331872387824,-0.37623778860482004,1.0,-1.8746331780154013
-0.9446836481111767,-0.015107886228422851,1.0,3.443058291886602
-0.8799392164346611,-0.7312480922202707,-0.1196775903083851,2.926750700714044
-0.0032845694974343864,-0.3949634606937218,-0.19952819414135536,0.40859468282990874
-0.21085339739680276,1.0,-1.0,2.390074200020977
-0.5335304957096405,-0.5991004457966613,-0.1566203172945273,1.5384200666390273
-0.9090252832060495,0.9976644084067379,-0.6752261964570145,6.927506657643491
1.0,0.5378494933728286,-1.0,12.634967811713508
-0.1508316544238848,0.08004207193652912,0.387771940610381,0.9251642954821592
-0.13376776860609474,-0.3382538190813853,-1.0,-4.087806920603517
0.019776215544808018,-0.9403072685306872,-0.1161696192238677,1.4170288629667593
0.9002221077357766,1.0,-0.21997260179088896,12.304565269824371
-0.31925617755833713,0.29775069139751276,-0.7285159996952701,-0.024376845147938475
0.09252751470200815,1.0,-1.0,4.809449271690986
1.0,-0.05413924120125402,-0.5189977495295812,4.312787275713278
-0.26694458917628383,0.7180318745950014,-0.18477979090534458,0.2222115475073391
-0.6072165179244253,-0.36545680307039086,1.0,2.5322931466490552
-0.3516878360169766,-0.9852337935579505,-0.31335417198743665,2.7054488081174837
-1.0,-0.23816573804038965,-1.0,7.306748668598454
-0.17268204268763454,-0.1955042136957872,0.9220554116819759,-0.2649685914825161
0.5298897477273277,0.9253946458522178,-0.6894412832615406,6.950585442019331
-1.0,0.080245025448334,1.0,2.8388796476922407
-0.8345629894535358,1.0,0.11069867664592792,4.255853710298652
-0.2832874398117413,0.30002368247049604,0.6090267083465908,-0.767686587736801
0.0830793712734772,1.0,-0.8538664052759273,8.571430374997554
0.18407986288759814,1.0,1.0,11.649131802402515
-0.9427288857482437,-0.019514745189797456,-0.4054735219835368,-1.5553184438500673
-0.5767979139934722,1.0,0.4336473781297816,5.15521406553898
-0.24838327770356328,0.2946662944114289,0.8353292324764363,0.4921458519046097
-0.1684888709367789,0.2104934065355497,0.26133424584340426,0.39426317045050313
-1.0,-0.6348918614060033,-0.5688930254372515,1.1483259192809587
0.36779943684405736,0.1504314447507673,-0.07182314787936428,1.4388961333489316
0.5231798523184814,0.4649604738038653,-0.7431774336569745,0.034808500131905395
0.9885526537073388,-1.0,-0.2939743562887325,-8.986720967375405
-0.08603128920904801,0.09656250133067901,0.9624585990047989,0.6739813106583459
0.22758428763277205,0.07797584916775557,-0.11106425896278971,2.148606357698413
-0.009415101972170659,-1.0,0.19131948246123076,2.7448473382061054
-0.9882380651563625,-0.02658798859457434,0.42680493883251547,-3.222949198703142
0.29550008109697834,-0.11819271540944376,-0.11382286282742338,1.1036296926368763
0.7709880595083412,-0.4063293945357924,1.0,-0.33031029315355365
-0.5833700019224222,-0.5319951180646678,0.6852494473708253,0.8517557707451394
-0.6724583725563646,-0.6247953572005762,-0.056606961708792314,1.3616806988304155
-0.17435964812467208,-0.7808679762092336,0.4105778298833216,0.8973821199318772
-1.0,-1.0,1.0,21.48245168592666
0.6257878635231371,-1.0,0.504636926499413,-0.4778924750355913
0.8292275200650128,1.0,-0.6237882431630832,15.106893522261894
-0.5655032022394499,1.0,1.0,15.942927857227506
-0.2769541390021335,0.6826453725319295,-1.0,-4.890101562710592
0.01929258652215826,0.7220039830351048,-0.7758009961897359,0.6685258139729015
1.0,0.08391874471944272,-0.6698541323518794,6.259772195157652
-0.23896188077053826,0.1727827553528425,-0.5863990851014178,0.5394642568632837
-0.628292352918614,0.3697285830138741,-0.02253616246960588,-2.1440666097794434
0.5424567910195348,-0.5932760403643031,-0.47929809060427053,1.3059527948116938
0.5138841368037497,0.3786542969842588,-1.0,-2.2337624635317623
-0.49529940939598194,-0.6371354407367091,-0.8575732604497288,-1.1466278972206547
1.0,-1.0,-0.9958208915284146,-29.143377849329895
-1.0,1.0,0.9095631016056349,8.556230466360011
-0.05143172309481003,-1.0,-1.0,-16.85213684849326
1.0,-1.0,-0.6543668548133239,-13.458332692500658
0.08855673878888948,1.0,-0.7503606614307907,10.768908546200711
-0.15358392029567502,-0.8896010261336333,0.3523948534728174,1.4541999750113304
0.6499235541065427,-0.20628371429958015,0.8511639617718461,1.0264037106314556
-0.478682719579286,-1.0,-0.19669643658506386,2.8794153817609716
-0.36055909240228123,-0.11875191652894168,0.249025641208813,-0.7487601852430579
0.19411219899400423,0.05444354574375487,-0.9511982604473677,-1.8021165833135577
0.26078099340566463,-0.1012623381134572,-1.0,-4.3991981092446855
-0.40875107634470487,0.8087720101528957,0.6947615539809697,3.395647012981664
-0.2144733347577903,-0.30161832457249127,0.26734958091072114,0.3036696936913793
-0.34821615004290973,0.8655536737336929,0.8397851268741321,5.3977018067718205
-1.0,1.0,0.024291644107644617,6.5908473482694045
-0.06901191769485471,1.0,1.0,12.567412765510296
-1.0,0.23232228457576798,0.11743951681741116,-4.395337882866553
0.414859962116811,0.1891906522264437,1.0,1.123418666449875
0.7113839591144415,0.8189713825193108,-1.0,1.5827829984031268
-0.04388965631450592,-0.7429169275718479,0.017726526394980624,1.5040715996331218
0.1300168138462876,1.0,0.10997025587294429,8.318472473239751
1.0,0.1605379399657234,-0.1662757548100231,4.409671008657899
1.0,0.7361188905117166,-0.7468041079043457,9.832416336188547
0.25312312330045894,0.8472298893150165,-0.059923133025960196,2.811874195756263
-0.3952333313242602,-1.0,-0.19467887560985564,3.548452225312529
1.0,1.0,0.27030558319222986,14.047868064106503
-0.22114500949584937,-0.5592201124278209,0.8620557076065116,0.06181219558117501
-0.07478902128910137,-0.6945085667987725,-0.3107100528279636,0.7844472738505778
-0.37158886585751927,-0.8493949574838564,-0.2510613469180467,2.618584944355614
1.0,-1.0,-1.0,-29.94350015225932
-1.0,-1.0,0.7883675684878109,17.436331472777443
0.4613319257131647,-0.8918374699255849,0.02428722884576051,0.640148329570959
-0.2538170994978939,-0.5553510440247407,-0.5484380111338207,0.23578753453272272
-0.9962292307403668,0.8534785477664093,0.3805298189794426,-1.90972971665178
-0.1562500528762596,-0.5861431146391001,-1.0,-6.264270213676707
0.5340083660986721,0.33777895704385363,-0.06610433127471471,0.743053546304052
1.0,0.05013834604198175,1.0,13.712279080936584
-0.5827630994904198,-0.36841233657062444,0.24152973320816606,0.38264674934758214
0.02148986643265971,-0.3211378789505068,-1.0,-4.241563952045758
0.917125579708139,0.2320328586461904,0.10965627627183339,4.52821354652825
1.0,-0.375521345872579,1.0,6.654583209889228
-1.0,0.018355593849041618,1.0,4.277312544513886
-0.42119552884656564,-0.3088738009258296,0.9019285184345698,0.7037685516750606
0.42152066020330214,-0.11058107225842417,0.2285061456480364,0.7174233498730459
-1.0,0.04509905349971999,0.18805036475539305,-4.861395948486446
-1.0,0.5624819340748783,-1.0,18.67725520564355
1.0,-1.0,0.4658222256625226,-6.5022665382497005
1.0,-0.2672240848709182,-0.6262209758442658,5.497352672251049
-0.09706265452706053,0.6302300134851067,-1.0,-4.444341749914311
0.2591977777462282,-0.7259704265848486,-0.07620712601002944,1.840519273684142
0.11563875512573873,1.0,-0.5264929877455666,10.250926745299923
1.0,1.0,1.0,26.714134975171675
-0.19024783831469327,-1.0,-0.1894512356718856,3.4904322036197413
0.9172906871061892,-0.06970005395859369,-0.292076942488956,3.3516559470100558
-0.05126906131707365,1.0,0.20130203074635378,7.2810449386368
1.0,-0.07272887276877316,-0.8714576876511775,7.924776569257764
-1.0,-0.9275228138562568,1.0,20.762604087896698
0.6263421329013503,-0.5854662285321102,-1.0,-7.9232233885661865
0.16713081309066813,0.11811234561454054,-0.6456546119608637,0.9642902347591629
1.0,-1.0,0.4491387927025865,-6.845654949907428
0.8578613895566609,0.18623098931335447,0.9960811444909512,8.225788341682923
0.0713646229812499,0.7614571803204722,0.7707086378639452,2.9613367143358014
1.0,0.16286998572991962,-0.053132851662788694,5.290024069497142
0.5563528477165183,-0.8924721351080274,0.19996740296398952,0.18689302771759564
0.5391865888310552,-0.05933698692396416,-0.21980357082370916,2.5195467607746567
-0.20397291115078198,0.011791971229118126,-0.5491251402447208,-0.2620682197775599
-0.6160663515473466,0.3183900177847776,0.7656150661877374,-0.15685672093938097
0.08867695500101913,-0.014409899905899248,0.39151013369828,0.17880888227036962
1.0,0.012312607321224966,-0.573590894043053,5.109908477184245
-0.7449427362369896,0.49694037384454415,1.0,4.934815180700561
1.0,0.14626618946065517,-0.5387232649461515,4.318669412013804
-0.06851368693885695,0.22488217492934903,0.926246489864448,1.3804883906664316
-1.0,0.5322442488821968,0.5428982148938468,-4.471740235074622
-1.0,0.28008517940547395,0.6729238345783424,-3.7101649929074414
-0.23197568513272637,-0.33450242114907214,0.6807410347400413,0.15017179458399152
0.2847531386332325,-0.9063443461153433,-1.0,-14.411488175016114
-1.0,-0.30806865903131686,-0.05579790347511926,-3.7210726880612537
0.44640818153760087,-1.0,1.0,-7.183096113016216
-0.3163242615255073,0.12542303483145334,0.019820459559410253,-0.5569849484855336
1.0,-0.9331740495219034,-0.9351803835034402,-14.402000360539413
-1.0,-0.7184152863951279,0.7514561169622553,7.312318234552006
0.6393664762381959,-0.9603976446849609,-0.22619424627791695,-1.214040321825053
1.0,-0.002815149343111001,0.492687636496987,6.4279536645269255
-0.292366854895602,0.20028762293103863,0.6179151200313318,-0.14565074912700182
-0.24289324027304482,-0.7725066533482645,-1.0,-8.429186198261027
0.07996079520963795,0.1379133568600126,-0.34760600439715694,1.0059010223833518
0.6012876140558683,0.8004571186328455,-0.304970831268464,2.179321323867563
0.03549761271590479,-0.04047221618338703,-0.18648995957886716,0.5342495450176197
0.5047423056361806,1.0,-0.6688092305968287,11.683277074764678
0.14945208250439368,-0.5298957692207344,-1.0,-6.731551569471375
0.9109410226442956,-0.575891245903551,0.1177421749288674,2.1982004770709556
-0.16189184246394817,-0.4610166558125357,1.0,-0.9336062048177579
0.09835181629449363,-0.2095273714971404,1.0,-1.0592514785973701
0.024871596396127238,1.0,-0.4518700742051369,9.33240444689418
-0.5260281678590073,1.0,-0.03471943890502982,5.1911453568895185
1.0,-0.047338135893081335,-0.000663923694473656,4.35635151546767
-1.0,-0.33284903444821334,0.10664499514310677,-3.1924921632046894
1.0,1.0,1.0,26.303403549511085
0.14195635190954636,-0.28802593711354474,0.3680308212941805,0.05082243240044404
-0.48367259888469194,-0.42462922985249985,1.0,1.293362405659599
0.25592675447791,0.24354365853533566,0.28748170095052594,-0.2280562675446678
0.5468850446351743,-0.14746920536755304,0.22065701523910275,1.4114528833039512
-1.0,0.7188283713499688,-0.739557063115589,8.145692305751645
-0.9315421500412411,0.7272315615890488,0.5625248365638409,-3.6545828301604297
-0.37049034559500726,-0.09659409813152653,0.8458391803275391,-0.3250697743206218
-1.0,0.43310481107262744,0.1529896432519584,-4.0284052911493875
0.6352819334319104,0.00041366678731380446,-1.0,-1.74958337821428
-0.3727482312547816,-0.4773289807540342,-0.8053760437474815,-0.20702390118960062
0.06111588853269634,0.8567924160416458,-0.3374723268101243,3.5698682582963213
0.27593592445322157,-0.08381582291393608,0.14274048790222715,1.4195030546394007
-0.5714971594962646,0.8325689625874868,1.0,10.088888440858243
-0.6096524614214034,1.0,0.6916910346942144,6.3193911510846155
0.36358885548493847,-0.3629639643465714,-0.9014024670085585,-1.5602721509214654
1.0,-0.6831358741156792,1.0,1.7412508986006303
-0.0433273874878799,-0.7700524686227712,0.3707443879427823,0.7897300782677039
-0.35918940733000926,0.597458143438512,-0.6621868010499363,-0.5439030884055539
1.0,1.0,-0.7285858894757542,28.007707084983256
-0.7834793576294781,1.0,-1.0,3.774412198179453
0.12950487130294608,-0.41195654636021994,-0.7346227873999485,0.23725671106217033
0.3386070552178868,0.47677987650760434,0.10074661460716938,0.994275301651983
-0.3349385608642299,-0.4430647403490602,0.18144630101232284,0.8770473196907531
-0.21976819577249196,-0.6470782889146545,-1.0,-6.75885279660403
1.0,-0.8504186361109474,-0.029572113020325475,0.10200098312563421
-0.30494997252981904,0.8019388960875733,-0.8584028831359469,-1.2351016800003505
-0.08626399369336202,0.16942173057523924,1.0,0.7541992739065352
0.36160359304454337,-0.20822549435091586,1.0,-1.9841011847379586
0.5110872939302356,0.6010762208802118,0.4254645294614747,1.39344521804015
0.1802605775888888,-0.8986570190638192,0.42264086656639854,0.6730051751809085
-1.0,0.3880748749274878,-0.574852986808541,0.5385537929968713
0.6105824491283585,1.0,-1.0,9.307979563917625
0.20564333267985568,-0.5068874096505733,1.0,-3.362697112010055
-0.5526887663939033,-0.009671983676307061,-1.0,-0.36852702232282913
-0.2702059338416074,0.16206537582342517,-0.2986729796823204,0.3271339669864488
-0.7379362465636554,-0.3579624710694469,0.9586858752834209,2.4464945739844826
-0.37290143481969196,-0.9089629148775922,-1.0,-9.845585471947404
1.0,-1.0,0.10775001775420567,-7.815546839625487
0.9530858507228632,-0.8596650923056006,-1.0,-13.490223217330888
-1.0,0.06444027901159699,1.0,2.9975752546674466
0.9492379565039868,0.36149945533191885,0.7457577970935352,9.258664611434165
0.5840953015666821,-0.8140392445847509,0.06250028925696238,1.1374304703137306
0.8962395693539575,0.5678578229872899,-0.5578286328326136,2.671614935227467
-1.0,-0.05103487580072241,0.5641629171233882,-3.288488391102385
-0.6314463396927366,-0.36572399228143593,-0.17861460696473097,0.49098502879508965
0.5345407472666357,-1.0,0.8182533457745429,-3.1124642551507358
-1.0,-0.4218972726328125,-0.33796813233974055,-1.3485528387929022
0.9409044655652581,0.5992845132745814,1.0,19.283446131585553
-1.0,0.5773256862680654,0.4884387850521714,-4.731896557917171
0.46687875416450453,-0.2821091188840179,-0.34014744701510047,0.5117200269879606
0.09505444036034616,-0.9895815364095961,-0.5972403530094401,-0.9455005604077381
0.41763834104088104,0.8578690178259591,-1.0,-0.7131219747973926
0.9697703476734885,-0.45600030833036276,0.03928597119058175,3.6924330687859226
-0.88989691623128,-1.0,-1.0,-1.8672629469931
0.1657141305814862,1.0,0.006744607951909565,8.305485397821393
1.0,-0.2289447078320177,1.0,8.599854756183651
1.0,-0.08559549331314709,1.0,10.539032231665333
-0.31225763248273086,1.0,1.0,15.560054679102926
-0.41311489307110416,0.8893864795551845,0.03134592607223596,3.0527239009529503
-0.05806661249113776,-0.711528932596579,0.27089575354486595,1.1136704227387964
0.10303659153813771,-1.0,0.5565279347965704,-0.6010632410035284
-1.0,0.25111182195372495,0.8843925568258848,-0.4950059775084372
-0.834361978035209,-0.7965200356141178,-0.29658282078107256,3.5341291700158046
-1.0,0.6114919194741815,-1.0,18.575600106652093
0.00907385080027523,0.9813990852356065,0.780176922887275,8.795885267426643
-0.3824513968383447,-0.05697108679704144,0.43226029245332187,0.7246726013877733
-0.8144087509541418,-1.0,0.25157392504983966,6.89163457215977
-0.24594452295952274,0.7847454373034963,-0.7499656684134244,-0.5718726908227107
-0.05744803337446003,-0.12022365246558042,-0.47855561246046596,0.44004062536128097
1.0,0.2633433159109806,1.0,18.360016044804798
-0.12477702049482908,-0.023835976043999896,-0.2824802494431726,0.481831496534966
-0.5292547375456498,-0.3056056395747566,-0.030674890491660278,0.12714172859928285
1.0,0.1964200935764755,1.0,16.411616629867705
0.3446325759068285,-0.4002141269369286,0.8292116510069143,-0.6788001719409682
0.5487154654299053,-0.6556962988705117,-0.4639822056765339,0.07721184886938803
0.49221448842132354,0.06874498193796996,-0.4151047427680503,1.1894275528205402
-0.3390690341260876,0.8879056649034438,-0.3827369680474184,2.1515470176442495
1.0,0.460798878227225,-0.22111203457344097,5.161666239790146
-0.023198509528594258,1.0,0.18278230938801876,7.394534263684543
-0.32402511610018614,0.9334929183938112,1.0,12.324869356441987
1.0,0.1259264289366886,-0.49473245147128697,4.960581349460799
-1.0,-0.6634888407624766,-1.0,4.436810875443607
0.6151433820385213,0.8905152086954329,-1.0,2.6417307710540725
-0.135037158985035,-0.4829661446857201,0.9191033153037915,-0.8641122113892508
-0.23367254256105152,-1.0,0.22228944448759136,2.4175963866082344
-0.8132682986158941,0.8341757564457932,0.09297982997518628,-1.2525763267443115
1.0,-0.9634216106593005,1.0,-8.168012949841817
0.5529462274706933,0.24981045688943837,0.10292365109409807,1.994332400618712
-0.944871644640225,-0.7543916675185609,0.35783162056224516,3.7111813424551987
0.45158232135801946,0.9747649082876866,-0.07417256341478184,6.878535771766415
0.29458800187364,0.013252089743732487,-0.0006798607603675233,0.6206027076804064
0.19773973220862295,-0.6867634901066937,-0.036673215916107615,1.7365036166918624
0.523229887482022,-1.0,0.4155662839589709,-0.005925698996867512
0.029431817164988106,-0.5026970838451457,0.17937594827778391,0.5381758007065341
-0.17307858112366992,-0.8981398193931851,0.4159790961332537,1.264310187886393
-0.25831328994451863,1.0,0.6280716733047214,7.973994725223108
-0.03899199273892018,-1.0,-0.0851595326061727,2.458594051748298
1.0,-0.07516495039706861,1.0,10.440181881099164
0.24691276663382977,-0.09962465031563439,0.22627322910926972,0.8983586162090309
1.0,0.16236220621655106,0.04204488418621244,4.738262744179281
0.729640441874202,0.9539655803992921,-0.46904924817212934,9.00785973619022
0.2620124154266563,-0.15862465977785423,-0.9331178970266754,-1.576151822553482
0.6803371084814507,-0.8076921926497034,0.057185441800575276,-0.02255173488883566
-1.0,-0.3965521383331725,-0.11220139806176044,-2.6161454981542294
0.5669697285904658,-0.20497090233457071,1.0,-0.8734427159606817
-0.4560851523177405,-0.5640914846796288,-0.36908883297100314,0.6856540646724324
0.5917817674235379,1.0,-0.02996143253805128,8.057193101287563
-0.948192013191564,-0.2106855269761878,1.0,4.45473855791677
0.8495499471702612,0.5331741744025627,0.9303525766482261,10.55410190065052
-0.8248450504255542,-1.0,-0.3756379227866913,5.1592718664536665
0.991432856571574,0.3782212048454523,-0.16937673364623151,5.775628003994672
-0.3041341461661673,-0.04429559465653088,-0.6117168381784583,0.09237001337758549
-1.0,0.8607201552357053,0.4708099386484177,-1.7465235225007931
-0.6042444212529423,0.46675127213693224,-1.0,-1.194687003373908
-1.0,-0.8694515036028856,0.31841317952081205,6.914283557301865
0.3778875173044931,0.17186637763948487,0.6323592856131306,1.6923030273203374
1.0,-0.5189508848005502,-1.0,1.1040659431129523
-1.0,-1.0,-0.8794911561875685,2.5916790855054765
0.7510921645597395,0.7635324568581687,0.08310705214877112,2.5617422897352204
1.0,-0.940859663880836,-0.5582526659682696,-6.035878863713482
-0.6161363927526065,0.020484636759830588,1.0,1.38736606365213
-1.0,0.7262232079302011,-0.2925436518041875,1.3366823193732946
-1.0,0.5469253027122596,-0.3522324670990886,-0.2949896169495091
0.0851421172531952,-0.7135401010927145,0.07369573220546521,1.218839519698507
0.1051538263787426,-0.3645294655777751,-0.0626149137650498,1.666999278803956
1.0,0.2927595851790452,-1.0,10.99040116729842
-0.33338859688159017,-0.5017002209637413,-0.8140674184939087,0.14592311191179097
-0.4556233949611348,-0.3728745570653156,0.5339118159011027,0.6518484519427079
0.5680005755100008,-0.06581574889572361,-0.1520085227436061,1.6806279083822138
0.017708901555551826,0.7003951706462768,-0.07694986334023457,0.6160871199993443
1.0,0.3633586349599216,-0.09855750988181367,5.964490993407362
0.9499993020709296,-0.17219583786081172,-0.7659029530949919,4.95912561147488
4.078782074556919e-05,0.5314574774903198,1.0,3.8792398047598784
-0.027590219836371777,-0.48994570286114625,0.6218330841637993,-0.4424272901698983
1.0,-1.0,-0.8225052080008559,-17.552078487599903
-1.0,0.3183211650526254,-0.07245108267597655,-4.276812566225431
-0.19227457935353098,0.2394793619158806,0.9244061675874689,0.5258679936634457
-0.7389074455247244,0.9623629729338601,-1.0,1.0582815364748206
-0.7647197929002125,-0.9744716119978434,0.49980345376698687,6.0290609411682015
-0.17924558571002813,-0.6266216941831539,-1.0,-6.556694067383191
0.26154414617771504,0.5203159180908703,-0.7447832938076633,0.07275273464117527
-0.5257081628587355,-1.0,0.6379676655277218,3.383227814240111
0.5802474038562615,-0.12046889152173157,-0.6965164223421538,1.2706230914561782
-0.2074275279370037,1.0,-0.26042229311779064,8.430245540080183
0.9440989856953004,-0.49866314133443956,-0.8766253178360595,1.8627574391083692
0.05092601046502243,-0.5663933647751873,1.0,-1.629807340268001
0.10885763342610644,0.03745473079315231,0.5168036142586128,0.8094992962561471
0.9172824101689423,0.14415587992171597,-0.7946818429162783,5.662972890004197
1.0,0.24354681137536116,0.8482150174673138,13.226416854333479
-0.6942776885354254,-0.2935370878768071,-0.08904473564515603,0.14651556344186656
1.0,-0.47318720470099773,1.0,4.829389045095808
1.0,0.3098895036075999,-0.040087303135638575,5.3283721276336315
-1.0,-0.4351879090823436,1.0,8.322095647744186
1.0,-1.0,0.8200111658769964,-6.706290274639002
-0.2613142701410922,-0.07982260600674418,0.46565732482817945,0.230156684607383
-1.0,0.42275209109639644,-0.8353555512943687,7.696750849490906
0.9143381305063114,-0.22194727342580456,-0.0324809907945085,2.928873468438296
1.0,1.0,0.45313608623168844,14.62236789955152
0.12965194549275671,1.0,-1.0,4.505314802733779
0.03900772832430399,-0.3744158010088614,-1.0,-4.605351512526797
0.6186378234134831,0.10683121194252054,-1.0,-2.4376456184025037
1.0,-0.6068050398000391,-0.2830696491101017,3.2732438682654497
-0.32076759644045105,0.6882559304857039,-0.006924794438261328,-0.2516042387719652
1.0,0.6456553663184454,0.8301686871001153,17.356971739814743
0.9049704889939869,-1.0,0.22017746088524448,-5.432538539640432
-0.674745408052444,-0.694603291846897,0.22382349650887323,1.9524008448056045
0.035423898746642424,-0.26289750501300313,-0.7726727291468174,0.013287263110046132
1.0,0.14225642618786338,0.8297492389329171,10.738025815102862
-0.5245969427188206,0.9568472111568465,-0.2674593198502144,3.535588654510232
0.9360836726496271,-1.0,-0.3242866506978932,-8.336793256022645
-0.20395736500260608,-0.2885327996234577,0.5434558144425361,0.1517685499302714
0.5882895548309475,-0.06956098256451493,-0.00211500200592174,1.8267227363346987
0.6510881540477869,0.3507818202842947,0.12243575109464433,1.7169564847635075
-0.27028117118263273,0.6537665105873969,0.18740540158966357,0.15272843298956232
-1.0,0.7214798234692545,-0.34235673069970285,2.0078500453557586
-1.0,-0.7966436159281627,-0.40594178499547207,3.1842003230207663
0.08299767832313787,0.1445606517856497,1.0,0.599149023501886
-1.0,-1.0,-1.0,1.9151940686991036
-1.0,-0.11503637478279183,-0.680762795966869,0.29919201580814087
0.27782725309373113,-0.37043428532282907,-1.0,-5.794139202814667
1.0,-0.8642174382327927,1.0,-2.8048889081476234
0.7638145411654444,-0.5234321797232702,1.0,-1.7038183103331521
-0.43010175398871864,0.10711922985213307,-1.0,-0.896169722572804
0.17666129556719024,-0.03015632194195561,0.31079779041366695,-0.10529955135987146
0.16571454535838548,0.012612134537723474,-0.5831888090651938,1.1613472959188886
-1.0,0.7112678696214603,0.27351665581024465,-2.711723616641602
-0.4996138179052161,-0.17385757063689233,0.6615670561761315,0.4457965784657808
1.0,-0.28331997650948804,-0.2512580408506122,4.016663137114241
0.2690171406840838,-0.22120108868965072,-0.23565936567733203,2.3176259986646484
0.0946787860430871,-0.9956269918376166,-0.08887642313577016,2.7714359673303735
-0.46305298349672475,-0.6564721069151036,1.0,0.6791090511096136
-0.5774718682141979,0.359290344553983,-1.0,-0.5308126029893838
-0.687378623093726,0.1589121501762747,0.018216586430537918,-1.184789251704982
0.36997486933998003,-1.0,0.5302461192136256,-0.36554863319824543
-0.6712361324727267,-0.3270722774120425,-0.8372113856777985,1.3543431916236333
1.0,0.7796718878913207,-0.15277503604334797,8.204993631214334
0.4270696726399592,1.0,0.021722668514934318,7.989482113289096
0.5364707903962851,-1.0,-0.8376287064161738,-12.456740249963412
0.712511089948916,1.0,0.3078057545180011,7.793266314712268
-1.0,-0.39436290342171665,-0.5324886133435611,-1.0046062711025874
-0.2188540309909459,0.5740531414461396,0.08214654497084828,-0.26275589007002
-0.32672605000748134,0.46180335734631295,1.0,2.7227557127009057
1.0,-0.6002988998995051,0.7797835359134901,4.738380957686394
-0.7658314579923269,0.6374892609741283,-1.0,1.6062550507064297
0.43950101511697826,0.358899460867135,1.0,2.1667146888326223
-0.12969119755785252,0.2971450814844607,0.062193160881496734,-0.23489825640851084
0.2721023205523889,1.0,0.8687286302424755,9.500140004493195
0.26240039087378375,-0.3727467443772581,-0.04379887882949918,1.3051266145021863
-0.11455377096477326,1.0,1.0,13.60763990020196
0.530529752754648,-1.0,-0.705737921179522,-7.81569983269962
0.14000084678275493,-0.7144151329327615,0.9101762196337921,-2.341633865918996
1.0,-0.537202497603952,-0.15347294975597903,3.70929147734666
0.07861553770360641,0.08764657610363424,-1.0,-3.2952910725315134
-1.0,-0.8396316786498537,0.29244420146973193,6.261486797739462
-0.1515409273568349,-0.014628161880724244,1.0,0.6066849276584432
0.6658342902255032,-0.662501108950273,0.3939759351344301,1.2683638415437748
-1.0,0.16113931143659288,0.997937914106632,2.7077315130058106
-0.24071876691923433,-0.22877968467023435,0.2282335900973651,0.8808221049647573
0.4591650455448959,1.0,0.233945154555957,6.239988757747023
0.3265805349127995,0.2580385058129513,1.0,0.8811339702518908
-1.0,-0.37017391635224484,0.802216524332187,1.1382638824408975
-1.0,0.6456312047074113,1.0,7.94932831699967
-0.6336235981547169,-0.2765467989819985,0.7328573703722141,-0.20608222514039315
1.0,1.0,-0.7583898390835959,27.94524408469049
-0.5844911050479873,-1.0,0.42837632609867127,4.410760749035434
-0.9453814174299535,0.7378967280051512,-0.1033828793413123,-1.7026368353569639
0.9354999334439371,0.7138179116978376,-1.0,10.772459431512567
-1.0,1.0,0.146398784701133,5.88704139914053
0.060997920473499834,-0.9595470461129738,-1.0,-15.510459222531843
0.553288945952626,0.2501742233372244,-0.34201957394329785,0.3155507019718107
-0.2120807065153203,0.6867449104133996,-0.04970802999372381,0.1506619885427269
-1.0,-0.972539480330638,0.8425999955600665,16.708859552422275
-0.7513254787434882,0.25131445103124594,-0.3335070799671602,-0.9067820822653874
-0.6484674655525826,-0.22915417979617736,-0.9267234726221931,1.5865875948119572
0.652145016638578,1.0,0.8659730078285457,9.706206883324903
-0.4652186834677694,0.9696734215289091,-1.0,-0.7030700445491396
-0.2566734809893456,0.4932500883525832,-0.8943892154349622,-1.8826532188668876
-0.9286997682947875,-1.0,-0.5272586613559429,5.133306754756595
-0.557911142414667,0.4726043830703597,0.9904873786783548,3.0677426788456463
-0.20952907068517979,0.912929884394694,-0.7453508442765358,3.774461049666279
1.0,0.02415216500107986,0.9038990842558428,10.046290036546692
-0.23688853601670568,1.0,-0.17450080563021686,7.810104801637037
-0.41293618422406975,0.33660060570401473,0.5460966781874566,-1.6575340096313749
-1.0,1.0,0.727757850760816,1.4219999595455477
-1.0,-0.35672463193543136,-0.16481416005794136,-2.37285692631371
0.5676598094329464,-0.19761214726254828,0.4980009014022111,1.9495961437037252
-0.9462367112990078,0.45556458176271497,-0.055085197982697176,-3.1163474721015785
-0.5120451294415911,-0.6706669712570956,1.0,1.1250928490505754
0.24334759926161653,-1.0,-1.0,-19.548581846770347
-1.0,1.0,1.0,17.127400233436035
-1.0,-1.0,1.0,22.113288808497348
0.16801408811204244,1.0,-1.0,5.135429002950748
0.2656676558583364,0.41823427483776565,0.9009390855382302,1.0242906235105451
-0.7649790555380824,-0.09767025540119456,-0.17986013028382875,-0.7766301652595275
1.0,-0.08068850882837908,-1.0,7.403374314895979
1.0,-0.6325813051904015,1.0,3.4433434235453224
-0.6184188147357592,-0.6042626570499485,-0.3602651832665187,1.4665539328513477
0.1706608742410145,-0.11189628926566764,-1.0,-3.1859568394020634
0.15756620074507666,-0.14075029945108697,0.566137286556124,0.34729743169987615
0.16897381445072002,-1.0,-0.6370994247297008,-3.3870465708118895
0.48653357259746266,-0.5452635097426273,-0.2222572250962298,0.8660573748155385
1.0,0.7519737345767816,-1.0,18.061418214929027
-0.1379939797487073,0.6931487787332269,-1.0,-4.948780345377402
-0.24867544904145267,1.0,1.0,15.0139028126143
1.0,-1.0,-0.12669455657010187,-8.10781755846689
0.4677117049838455,-0.36241239116519397,0.7360483008387895,-0.21296815076082165
-0.27381531144836324,0.18798510704777915,-0.01413268587042582,-0.3437903532036196
-0.34685525486712576,1.0,-0.5740433210252152,6.780044183451758
-0.3774926952050728,-1.0,-0.13209653538661992,2.767258595584379
1.0,-0.4586068657308484,-0.3743083540993313,4.248669611600011
0.11678566671467494,-0.4023257451747049,-1.0,-5.024342294835171
1.0,-0.17627095382312974,0.129432549329481,4.691558024172711
-0.33177594296778823,0.6849189949424199,-0.027812720182852413,-0.3970838549932969
-1.0,0.19272668429203943,0.07219887644732759,-4.964463158950194
0.5914499914907425,0.5329421587857517,-0.1889315883152345,1.7436493938834148
-0.6218534908789224,-0.23116370514278395,1.0,1.854594579191126
0.42563522365463125,0.17598796968661978,0.2403788560320006,1.8512646959265056
-0.20461141108500303,1.0,1.0,14.418074732416951
0.8836881432948405,1.0,0.06661034860291748,11.238074038982974
0.27655747263035946,-1.0,-1.0,-19.408658604513615
-1.0,0.07727776222585914,1.0,2.9491044069621335
1.0,-0.28291893565026505,-1.0,5.036058702583166
1.0,-0.7048413286387367,0.9157450661551008,2.580184249133325
-0.7020101143220971,0.028015372053193044,0.32259368439886993,-1.4541377129665083
0.2456083391395225,-0.6369048042799206,-1.0,-8.183409168070133
-0.5392639057439406,0.12001491755659766,-1.0,-0.5982859293527609
1.0,1.0,0.5751880914031564,15.04921786264498
0.34204585104603136,-1.0,-1.0,-20.603277984439046
0.4478361130498538,0.13572605151628503,0.5705158350891535,2.305747232011476
-0.4039705681857555,-0.9676910324112498,0.6898116737635265,0.8025643572521819
1.0,0.6362618041229628,-0.06142739006414555,6.705080616680238
0.22535984603526793,-0.06938495794450095,-0.7615498835098202,-0.05082719463091456
-1.0,0.0453213384407527,0.684466475200465,-3.1655111382415217
0.5808078204655813,0.5626582075047692,1.0,5.649919472144239
-0.02552899499815875,-0.1604503711024987,-0.24429930305172287,1.020905895263545
-1.0,0.21841298775590445,0.22028959159168848,-4.966043552114946
0.3644661412804606,0.5188464164323736,0.28313587972663634,0.5533048047035047
-0.18101833457899885,0.2278769723879479,1.0,2.05332473405456
-0.4652241050797019,1.0,-0.2836255097265188,6.226660283200795
0.0831533129006301,0.7364572204550393,-0.021681391369289704,1.5110650984415255
0.04794104104228736,0.05534996261069525,0.2998979373523716,0.45252272410441946
-0.588755683786488,0.07189419064815761,-0.7131279204171199,0.083000042377166
1.0,-0.7406432044603373,-0.8031240574334004,1.339791304675937
-1.0,1.0,0.11765142030332765,6.396348320924975
1.0,1.0,-0.6256173306159978,23.145688053161493
0.09459463773894883,0.021405197177040147,-1.0,-2.8189654970812894
1.0,-1.0,-0.07548444073003946,-8.22793930401377
-0.07665455217722217,1.0,-0.5961884545253686,9.762397702275432
0.029790603215664735,1.0,0.18172112696474252,8.059497264115265
1.0,-1.0,-0.2822095871177077,-9.173913638079197
0.11679390462720907,-0.7566880155932509,0.33514674927248,1.1236846822490694
-0.47600470275074813,-0.06465780080055294,-1.0,-0.9296017838763597
0.7665557431640926,-0.28875839775796885,0.47885031279138546,2.3588517220910763
0.9171104376043158,-0.9954054621591282,1.0,-7.773477616280128
0.2830320084085023,-0.11819652121924129,0.4653354477134397,1.6514837953567523
-1.0,-0.2074603463816882,-1.0,8.106261784998184
1.0,0.8468481578007139,-0.46770020899869436,9.66538525761165
-0.3099356805290936,1.0,-1.0,1.694686797171327
0.1874515598022839,0.20661227342389066,-0.8904514282129337,-0.9946500912152176
0.08417993937116308,0.4508269354970613,0.5486663390931403,1.1923967775652407
0.5275595768861305,-0.19632065093578266,-0.5012434067579334,0.7090731142002465
-0.5263326952392773,0.5141213827839222,0.2116890115617256,-1.7530283746106086
-0.21789676966391713,1.0,-0.7622922614150398,6.513809603788003
-0.8201313236776802,-0.5442533906459666,-0.8209585694133734,2.233559510616755
-0.9535005290559648,-0.15164740639170793,-1.0,8.627787691891756
-1.0,0.2675487096859388,-0.581486571350851,0.18538438548937178
0.07730627557968384,-0.8772579877041506,-1.0,-11.827013320403609
1.0,0.31490191880869345,0.8228073369626112,14.014759888791543
1.0,-0.35537860462992144,1.0,6.121790346882845
0.26278299376137015,-0.7932177026203078,-1.0,-11.047314321395312
-1.0,0.07127007077774494,-1.0,11.98542378481663
1.0,-0.9854580838133635,-0.6629144515273013,-11.772959055258628
1.0,-1.0,-0.07921168949679425,-8.12436684596892
0.21976077393286575,-0.42554304609181925,-0.4951718212201055,1.254980989633816
1.0,0.08694212418592362,-0.40284997985046456,4.589960130000863
-1.0,0.2785012299612841,-1.0,14.42158868876712
1.0,0.29386362208714134,-1.0,9.971359842784157
0.8429105592748627,0.6227942796688486,-0.26346179331694164,2.466132596042339
-0.13294616189200692,0.15517829994191312,-1.0,-3.2793677653530966
-0.7170991249592635,0.22016856969309173,1.0,3.474927237083282
-0.03242316514382493,-0.9834111682829418,-0.18034084147274676,2.5857593407226935
-0.024685744171322188,-0.9468858137096638,0.7359494751741147,-0.8638476752968666
-0.09392877489484786,0.8153024460439311,0.29963254172772547,2.1445373337388185
1.0,-0.10660833053150154,0.7854968470935608,7.183229562900357
-0.5579582471120508,0.3433750257853838,-0.5579188293865032,-0.5241545202852903
0.34931884283485215,0.3788382307032401,1.0,2.340471017024082
-0.13469701205111528,0.9686253501376414,0.05792932900309489,6.130896005333586
0.5172437906531304,-0.9051709207305516,0.9397352987757301,-3.856722871795079
0.4012730732479224,-0.1459347815725509,0.07601385452632536,1.7478277213897138
1.0,0.8268983973598256,0.11946803482994395,9.6224283007458
-0.21559191198510108,0.1230324509926124,0.42376085702373856,-0.6568341262666723
-0.18251272643167282,0.17205542085512548,-1.0,-2.785732013612243
-1.0,0.34761740407345343,1.0,3.5574353564269767
-1.0,-0.9490992778665901,1.0,20.39764208807239
1.0,-1.0,-1.0,-29.79996753298276
-0.3421117330363679,0.20403718528674974,-0.4744072554434464,-0.15739745269866035
-0.492395860258406,-0.6477417491229882,-0.822837894990911,-1.0867639975539398
0.3990692933811195,-1.0,0.41744750710172496,0.4082674445840407
0.6857163046886723,0.03768706034391034,-0.4534057835028733,1.5246400517070502
-1.0,1.0,-0.1377484026498248,9.002376372498555
0.8405454336467022,-0.8259870483280782,-0.7466506820344265,-2.216666266589732
0.0418834992526953,1.0,0.4020329015134292,7.441098304475278
-0.30330953432016994,-0.5520301255310007,-0.2890004869781948,1.052354294822471
-1.0,0.25433235158499423,0.1777948623426504,-5.359593195781027
0.7833899173020811,-0.09109152440691481,-0.028921903756558454,2.282617158858358
-0.25468775296069324,0.12959588661076005,-0.1376159313821208,0.11473142327569562
-0.0874454956725157,1.0,1.0,13.109238545937039
-0.9171942762247967,-0.43192540281172676,0.24127260876043466,-1.1370974887806349
0.8703465722893811,-1.0,1.0,-7.576451218255343
-0.1595597619239839,-1.0,0.49604490750803665,1.7689357972357946
-0.07939605274198125,0.06824785868862726,0.09863926448320837,0.03967806252386452
-0.16676001644328897,-1.0,0.7094061738130588,-0.4522436086298558
1.0,-0.150520783126864,1.0,9.91524295835958
-0.8609928749954887,0.5895419961581998,0.20537815698202255,-3.163895336694
-1.0,-0.15515653176906108,-0.44514704626498247,-1.8155500952466088
1.0,-0.9097021253887299,0.3686869886474877,-2.888648225996728
1.0,-0.8008888294576368,1.0,-0.9864879937495699
-1.0,-0.7103403992492168,0.07796604078214542,1.4306496440560146
-1.0,-1.0,0.06310047052034173,8.290206276834192
0.7849510469364129,-0.6332994386631021,-0.5025417714738738,1.2219997433006209
1.0,0.797996486669931,-1.0,20.028566379362434
0.9175035289372793,-0.050916352072291504,-0.32292740824119104,2.671230659132255
-0.5751588264887915,-0.33198325856938515,0.29035251017863084,0.3821468686710754
0.4368039620314892,-0.5377818090802609,0.07312350544456891,1.4685915644540488
-1.0,0.6298734191668627,-0.6253652363735653,4.310624639136821
0.5869365018819426,-1.0,0.1402834970033322,-0.7141478492502575
-1.0,1.0,0.03793286994157685,7.461927998693966
0.4449983548921179,-0.12847166060785065,-0.04438930724543266,1.0769390878687537
-0.8467604966136266,-0.34390333829907904,-0.664841382037471,1.4789586237531571
-0.389857607301884,-1.0,0.9580432820340239,-3.365570131092617
-0.8438936578969705,-0.01553059359380038,0.292991290258775,-2.3991776588661797
0.47944093982512714,0.05155189853820663,0.21846414213439425,1.2201132459103141
-0.010858772888743706,0.45068204139579837,0.023157649440654238,-0.1507005007362805
-0.24013265070322354,0.787463784477967,-0.5055496182841719,0.7127252530554329
0.3829762911574275,1.0,-1.0,6.274041872766835
0.02810313400325315,0.24975405744367785,0.4061948813375109,0.23008779277343247
-0.9404165990058784,-0.7720419894634749,-0.3548885551154817,2.4789472773100316
-0.7334751165758384,-0.20558234152652033,-0.4826414752715489,0.25315096961027206
-1.0,-0.1428636966141541,-0.16464363040242347,-3.789694485672413
0.8172398608936788,0.007036765580438198,0.7122858763916349,3.692129922182945
-0.0435249157538844,-0.2737708960491203,-0.3530325659630802,0.8803449480017211
1.0,-0.6880066344189535,-0.7722413656982199,3.3475992390234155
-1.0,0.7670887243193723,-1.0,20.105147852110083
0.431024123553684,0.13476712012232572,1.0,0.0216946133377538
-0.3122554369223862,-0.19430931788506922,0.4485987975852821,0.5551989797821596
0.1269388083221552,0.2634900100000086,1.0,0.4081290277901217
-0.8982670026159822,0.022769317688435597,-1.0,7.69887414706779
-0.5861827504852535,-0.7846095273034754,-0.21298206470674508,2.3311472109976212
1.0,-0.24730431132328978,-0.5287473618099483,5.1797839694667465
0.7747359004360244,-0.7338247811853129,-0.8021562105270419,-2.303150719822175
-0.86771025069342,1.0,-0.49929013147336154,6.1295890398176205
-1.0,0.35584945442063964,-0.6317199365190933,2.4589342395973928
-1.0,0.21457653982536473,-0.5429076905105952,-0.8205404646437722
0.17912607042241446,-1.0,0.10933257459036105,2.297753784041261
-0.050920118736695,-0.7119941158526983,-1.0,-8.328561313975928
-0.6026801825375621,-1.0,0.1331577472206953,5.140972909864691
0.2231315378682739,-0.39954361007896444,-0.6046835267035029,0.9237672733430159
-0.18086972166996707,-0.4405734591801278,1.0,-0.355869798177079
0.5024949845818196,0.06797449571085856,0.17084206048633765,1.3509872652744117
0.3403957225401284,-1.0,0.6202283082115179,-0.18637857316945883
0.11330806123409753,-1.0,-1.0,-19.275374705198832
0.07114027097047959,-0.5961071026543734,-1.0,-7.3471910236870155
0.24277804361512412,-0.6730254609362956,-0.6626885865021874,-0.4092315264100518
0.16938380747454684,0.5226989057676645,0.4844763613665086,1.1165249923170655
-0.44995766123387937,-0.6532551072148383,0.3571986923950028,0.5255144998955531
0.3455426657651257,0.45462782897588316,-0.3661571780905908,0.8138323694171634
0.26922944414769856,0.5331087659396418,0.40215419300535404,0.9806753615824255
0.6416916641967625,-1.0,-0.7049513310518176,-8.619817534993619
1.0,-0.3880152432559574,-0.4233106379214371,4.758823190725255
-1.0,1.0,-0.6418478942164945,12.577356160060402
0.35826019961792444,0.8061341132855269,-0.09346670930654999,3.3470741846510417
1.0,-0.92515966210724,-0.04172438225507391,-3.888427604497229
-0.0011358424444452009,0.1181145104146144,0.6270959726398064,0.8122064346048998
0.7207200888956415,0.3511297106515594,0.2809345799977536,2.18536867810351
1.0,0.3142652976189477,-0.09282331849371683,4.7522153153758975
0.8017236456504218,-1.0,0.14528278237356584,-3.572655015152445
0.09060826545907608,0.19263163590405408,1.0,0.89885914008866
-0.5908601040705106,-0.72265560900146,-0.9957064819491126,-3.8371633597178345
-1.0,1.0,0.11807495209035834,6.322578414053005
-0.20312335782791013,0.11654552833237175,1.0,1.749470885196943
1.0,-0.31898991798281395,-1.0,4.548225670680974
-1.0,0.33830284488047013,-0.5806934882899082,0.8417981048206228
0.3602338817762232,-1.0,-0.9015044214910621,-14.521144735153785
0.7292303341980844,-0.59756000033046,0.2179524510858204,1.6473441925191967
0.2885404149801787,0.8434931596165791,-0.9808915323399845,-0.5654294423225323
0.05460149322041086,-0.32930356140063655,-0.9943687477381873,-4.758481942609224
-1.0,-0.0625502458001288,-1.0,9.582612029908693
0.6488416093724234,-0.13186273529916548,-0.7363177080680627,0.890742949503681
-0.894131000242091,-0.3064985925102368,-0.44456915092888516,-0.38000153490503785
-0.14060881024908656,1.0,-0.257091690987836,8.327709372437976
-1.0,0.13199388765279307,1.0,2.8690074681551865
0.10447863091378085,-0.8286239948277574,-0.18349775380557487,2.6860422037798295
0.5774664611401461,0.4873318989354807,-1.0,-1.832919076172275
-1.0,0.45925598844836935,1.0,5.066365359840131
0.7751901604508347,0.4851715763633939,-1.0,2.2603498085467155
0.4362583256293677,-0.21024804545267273,-0.5989438196203394,0.4274530853358137
-0.24028273817549395,0.5074822473163931,0.5182169183294854,-0.1050517254849003
0.10731266995252087,-0.13765619639689297,-0.935503462911685,-0.6354107643543352
-0.9272492812882696,0.6193992255749201,0.01968544251568205,-2.6760531745631804
0.8282773154298051,0.8844959216792636,-0.224783568794235,6.096160256529009
0.8990279302491864,-1.0,-1.0,-28.434661683832406
0.6650231372717044,0.6929066758831341,0.6134545751312357,4.259720895578288
-1.0,0.05109877087121917,1.0,2.839804150708922
-1.0,0.0024798467462068263,0.14775102274176577,-4.118480745700803
1.0,0.21169700675641434,-0.4561206867092318,4.3427246832600925
-0.7790064063335673,1.0,-0.7070597668186436,4.327041698950523
0.09003849875281289,1.0,1.0,12.029814581087086
-0.663041233351211,0.9098567220334632,0.033858743852248185,0.6997775159398885
0.03351729800515968,-1.0,-0.7685602905887705,-6.020423270861419
-0.523715232667672,-0.5960438565659232,0.6774180477122824,1.3991672248811549
-0.8399944674614097,4.74505437051409e-05,0.015955567899733625,-1.855001698391107
-1.0,1.0,-0.41361967109276865,12.24162109577006
0.5269342048792878,0.024730952043855448,-0.3449921264998359,1.9459830134097182
-1.0,-0.7111869739742742,0.13907823135715347,2.175231624243157
-0.41934095080605127,0.8783373956138856,0.38191043174559214,2.303121843276832
-0.699345780435664,0.7841038033405372,-0.2786599590528005,-0.8571381301024746
1.0,0.48940673118954403,-0.29196227281108045,5.016006273298687
-0.5293119404525646,-0.17467114116074445,-0.1423926211562978,1.1765394724841354
0.30245496922789905,-0.3896555404349804,-0.15311871400279897,0.9145394694930984
-1.0,-0.06871717155966817,1.0,3.6227918654861604
0.5907971309922726,-0.13708687359085592,-0.006118751599003325,2.130597500772567
0.6812657096536028,-1.0,0.3010961804085204,-2.305624475750194
1.0,0.5883864400052312,-0.9434285934002458,11.357646703902956
0.6328022956504729,-0.8476470816936812,1.0,-5.154830409159576
0.2321109352847055,0.8039686268175033,0.5483713269418091,3.4025663121545158
1.0,-1.0,1.0,-8.930048980905118
0.382936171348931,0.5373746134941633,0.3074782262118394,0.5571560048089994
-0.4209218829060257,0.27325411885239825,-1.0,-1.258543087536444
0.9116584309402069,-0.10487145362746597,-0.1375797010020534,3.17164517158018
-0.14001404715325316,0.47174362629586164,0.27360789164025734,0.32134702374571794
-0.8402784812988564,0.9756626201618614,0.1454387741159029,2.546320021203771
0.116240713983921,-0.42421798750847906,-0.14271305086312047,1.0169726956519831
0.4034467538989137,-0.5006388070880337,-0.8991154174363265,-2.170478738105537
0.1540447480171938,-0.7451474464799879,-1.0,-8.55938264519686
-0.07800097388251492,1.0,-1.0,3.9388289760337774
0.03408319488338374,1.0,0.707726320309596,8.990157838892845
-1.0,-0.33870235404274696,1.0,6.43006825306192
0.7596977301373102,-0.9475234229790053,0.0026558675793024733,-0.981124562739548
0.14901663143525412,0.16021593591838457,0.4167168071513143,-0.014029015873574524
-0.5062377606829453,0.5482286827844474,-0.20890740250894502,-2.005116368749915
0.3053888650200174,-0.4972007625531749,-0.2856907444194905,1.0544984475666643
0.5534622293259728,0.3300941406334106,0.9136884294084544,1.841886528034584
1.0,-0.7719840230326624,0.4763869620669521,1.3016223148686707
-1.0,0.9482168311668047,-0.17301109399742032,7.501874803223854
-0.022806102074965695,-0.013485426061721206,1.0,0.037236992129526636
0.3133337831641254,-0.1945525274763522,0.28395132221070774,1.5507100177975914
1.0,-0.8762577606072806,0.9119018570168278,-2.3869227253815866
-0.07026814595928332,1.0,-0.9852694424029382,3.8529897256235617
-0.4927424908686673,-1.0,-0.44829441646681056,2.023475457046236
0.7580295538001134,1.0,-0.03630363963456906,8.969426268650198
-0.6609221790046993,0.633053962248521,-0.3833608507691808,-2.201409167801887
-0.44901532609064954,-0.42165724158732343,-0.2924715153852453,0.5304454971623048
-0.13677285344935974,-0.12687749318485642,0.7230184265883779,0.15692367311179015
0.5737662635887686,0.08800755556149453,0.013297863983877889,1.9194855254175116
-0.8962403447802136,0.6087009818320934,-1.0,8.511704106850562
0.06606152165966805,-1.0,1.0,-7.666319276769104
-1.0,-1.0,0.5539005236085324,12.991903227874856
-0.7659374962971999,0.43474737757370563,-0.881121132703834,1.2559822400283611
-0.07074033032539973,-1.0,-1.0,-15.515639959690333
-0.5642855840641867,0.3100122855780534,0.5333563302974211,-0.5527141863928244
-0.17525325578314055,-0.32111949086940905,-0.8299684554956228,-0.6154499494364111
1.0,0.2474023440975468,-0.17315536238768248,4.993937595321967
1.0,1.0,0.4245562726079286,13.041253376306067
-1.0,-0.1625829104757024,-0.2662557279013398,-3.780962466056246
-0.8572169617228327,0.38731149766788775,0.14864354406568858,-3.313122688515766
-0.15508581058753146,0.8583962015611626,-0.2126066087192966,2.900930346788949
-1.0,1.0,1.0,16.73975349830499
-0.7142917944485414,0.11970734086560486,-0.302337115678492,-1.6366152221589183
1.0,1.0,0.19771734717751577,12.924072475853848
1.0,-0.46319482937046663,1.0,5.336913859765103
-0.08316854529675433,-0.3798883970558533,-0.04454581321204798,1.0717534606358614
1.0,0.8056426487464377,0.8885648746287056,20.09647992418241
0.6077966142487492,-0.03680767925518613,0.580502297977765,2.0107939261069117
1.0,0.11588016936486745,-0.44469329235825006,3.7854841563519845
-1.0,-1.0,-1.0,3.1066176491560404
-1.0,-0.34672592614527553,0.0771651388611132,-2.0513375101211166
0.5262355180057232,-1.0,0.260387333750977,-0.3574772029924058
0.2039029057287196,0.8352536544893983,-1.0,-1.4749430978597813
-0.47534113240772013,-0.12797840908569147,-0.4401434898774894,0.18691782077396385
1.0,1.0,-0.7376316519829595,27.090094441985855
-1.0,1.0,-1.0,21.296250961037583
-1.0,0.15113137858967152,1.0,3.7120770401070486
-0.6835105914932669,-0.9034745253815759,-0.4249105064311367,4.1819311237177885
-1.0,-1.0,0.28347317591345056,9.462091139937398
-0.9155745193180054,-0.9525141017743901,0.5732314481192684,9.467768162665429
-0.22762640743183837,0.3084111775463645,0.45387506189768123,-0.6516063218358625
-0.89673047086066,1.0,-1.0,10.435918963141864
-0.92993074760871,-0.3705638834832605,0.6149912142955032,0.46831134218524617
-0.006162842102621191,-0.055051001233730856,-0.6637855524220424,1.079768844273309
-1.0,0.1830617473826084,-0.12801861813308912,-4.309091347029635
0.8724244293306249,0.0660779992193905,0.14052603599959212,2.419892511066659
-0.057869401905101814,0.6777339687955135,0.7121472744037287,1.6448174112972695
0.17625645899038944,1.0,-0.5213405925738595,10.155497305042285
-0.9181222380365066,-1.0,-1.0,0.6447708124911606
1.0,-0.11960135780374115,0.061812803994685916,4.803659250676125
1.0,-0.0862983447748058,1.0,11.204719143755732
0.5455136714364792,0.13743547618995544,-0.1372545386486519,1.0916240010757239
-1.0,0.5935669267036414,-0.42839823369491303,1.0633230596529324
1.0,-1.0,1.0,-8.976226323241086
0.10649369741264514,-0.4545088542488467,-1.0,-5.94833523850185
0.7593887870606018,0.022996563317587038,0.18624492744082088,2.6423471135264673
0.0034575416233326717,-1.0,-0.6537133281348262,-2.828074762157927
0.23653581338580087,1.0,0.24933172719059105,7.020179229796106
-0.47845769006070005,0.1052809033370461,0.04646687407301253,-1.4156837317548971
-0.6265033252206196,-0.08699706098193194,-0.03227508024362069,-1.5075401298017992
-0.1287969014138297,-0.016673302895901188,-0.793067007032862,-0.33364798381810157
-0.8522683425492406,1.0,0.8107428470385738,4.653859601029789
0.8821079487937744,-0.11168230386556255,0.05001178043468513,2.998095166805823
-0.6356197129419479,-1.0,-0.42246752650792496,2.23200851639496
0.7165236251217786,-0.22530684270192847,-1.0,-3.339331096854551
-1.0,-0.27496476763812217,-1.0,7.248234216231664
-0.07230579164195206,-1.0,-1.0,-16.181737264507362
-0.062136898065546564,1.0,-0.08311081395958109,8.485140360250053
0.6784736101560687,-0.38886446385779205,0.15954663400907743,1.0957121652476034
0.6417058049030133,0.03302015651518886,-0.8967415015352671,0.49675093789460184
0.7284605428251736,-0.25635036756198626,0.344398542910064,2.1811020061258626
0.3260763585726789,0.9380117898168618,-0.7306159280648914,7.86944878413415
0.16803665020070113,-0.21841953303855588,0.3703721291992894,0.6444587757084327
1.0,1.0,-1.0,38.28473985127177
-0.3352013354019576,-0.5018654380430261,0.8758152718116241,0.6897290554431769
1.0,1.0,-0.06952822562722738,14.421126559614837
-0.3035256247560534,-0.7559791528961533,1.0,-1.2430428037944625
-0.4456007815388432,0.057665587273578955,1.0,1.5066211216740604
0.3438037935760345,-0.15255403727093153,-0.36706971639199093,1.2007995551033883
-0.578926724762604,-1.0,-0.39291079611668067,2.411732936426765
-1.0,-0.9562126835071942,0.5109860098319006,12.578410472345261
-0.04633422348665328,0.7179159330202733,1.0,6.653358098803773
-0.016246249784955813,0.0837857005529361,0.5244485587036682,0.7316581730516929
0.5805537275940544,-0.3112537672513498,-0.09205136707326633,1.8829506438350725
-1.0,-0.11021523052785076,0.03916930906087335,-4.792508566152843
0.46723369521824343,-0.3925001284530858,1.0,-2.2863861870800872
0.5090751212831364,0.6939166191785426,1.0,5.723745888383599
0.03257725336778372,1.0,0.7494193136347185,9.134163948673377
-1.0,-0.16299264595494845,0.5909468541850669,-3.2813083736254036
0.35943249842973435,-0.7969455453630967,-0.39808480679753333,1.443781595855107
-0.17493731520047295,1.0,1.0,13.880705328941565
0.7689549711216603,-1.0,1.0,-6.994786809356669
-0.9609139573223944,1.0,-0.2222828142846447,8.359256072151204
-0.42689992485960215,0.044438228293819826,0.3220151216859435,-0.8644369747348106
-1.0,-0.7368893788288751,-0.8753867129524746,3.430781808193616
0.777630234640396,-0.6671164656052129,-0.22674779414870194,0.5545859511411233
0.08339536999784691,0.06695608379671336,-0.7718933427562789,0.691016774309682
-0.6971333033672169,-0.9342955699987654,0.5726385049077483,4.031175086442379
-1.0,0.6727728064485625,-0.05397693285701055,-1.1017226189092677
-0.28940734182720584,0.04696300216592331,-1.0,-2.6158229234030523
-0.7148592498968578,0.1441684645830903,-0.9833502832747649,2.3475097334383537
-0.33039993244302446,-1.0,1.0,-4.818065144904781
-0.1475574230814536,-1.0,0.16159554677064247,2.2295743288133343
-0.0971078414889206,1.0,0.19653032048601782,7.484670682194781
-0.13623534964069917,-0.5113474712849777,0.16706456069032827,1.3774820065484743
0.5709779770101866,-1.0,0.1680453678119318,0.09525428788176238
-0.5464057538506981,0.03603267787411668,1.0,1.6454496105426943
-1.0,-0.4166601191299766,-0.1943443459846277,-2.147466816889439
-0.6088709448132719,0.21093080740217607,-0.49862568745523506,-0.723570480816403
-0.4817736905607366,-0.32835224252916406,-0.9055918511869376,-0.9468264062371315
-0.570001086661321,0.2879371550345571,-0.12942782912623008,-1.0005157140849597
0.6879063115377906,0.11360564970687137,-0.5754052062666839,1.063460632492541
1.0,-0.016338332503543773,1.0,11.903234942135656
0.5394334004088639,-0.9796424825118575,-0.441009404279862,-2.7457471308707655
1.0,-0.4710509542601522,0.0886472702229637,3.5923214659683573
-1.0,0.735372111940269,-1.0,19.905646135687
-0.03390722784965927,0.16610989717126956,-0.6342942862033496,0.8273732253945346
-0.2375102316843236,0.0569963537279925,-0.454592778652827,-0.11665348211846993
0.5500411695888416,-1.0,1.0,-7.211626594398349
0.19694600938081197,0.5764294615215664,-0.710174996173377,0.3810574848755569
-0.16905112506460984,-1.0,1.0,-6.951902968211957
-0.32714407743255935,1.0,0.022508300527840586,6.660778689080352
-0.055264411757418364,-0.19004352443280048,-1.0,-3.8605849627499245
0.5007654692443899,0.141414967112385,-0.22778498375312806,0.9363431906069952
-0.20410942055028602,-1.0,-0.44280611114783386,0.689598865912193
0.3899719082951707,1.0,-0.8761114765017521,10.051354739269248
-0.7501182635130408,0.1951492244593438,1.0,2.687661664650907
-0.1795806064126153,-1.0,-0.7867776481998408,-6.29198697988929
0.6701343301454699,-0.3180515850755663,0.8237499641004096,0.3638741100197092
0.6182065265520427,0.8454918325316076,0.14207446383274802,3.1214128350040884
1.0,0.9475884641169305,-0.05082947932362747,12.64513561190863
-0.7667331975856881,-1.0,-0.04359195090526713,5.524436824851056
0.29086686679678664,0.8551752381799753,-0.5504840651586758,4.042847533808245
1.0,-0.19931525952448292,-0.46937696134537177,4.32177620672746
-0.13275879370751986,-0.30068196021575555,0.2999594164084496,0.9826609867847729
0.6915345047090129,1.0,-1.0,11.345079953693476
1.0,0.0034223160381645634,-0.43565002535296227,4.014364178272459
-0.283571377591632,-1.0,1.0,-4.701964811443256
0.4159169039828392,-1.0,-0.5180894124738702,-2.08286797811811
-0.4206869729804714,-0.45002404538509344,0.45134568068397884,1.0357094332458816
-0.5124155891375068,-1.0,1.0,-2.688471422449029
-0.9699141940762297,1.0,1.0,16.73038524215806
-0.6761823434772374,0.3490683986823524,0.8627209561195717,-0.5779404737637266
-0.6131375170862621,-0.6180551792859128,1.0,2.1386051198942937
-0.32919821907319213,0.8336261759416481,0.8667593279919767,6.36879760191795
0.048362716933678884,-0.9289935935349611,0.8741586900672595,-2.605857969496332
-0.01995772004963947,-1.0,0.38198495289151846,2.1230217492662145
0.8011152570510112,1.0,0.5634934794906843,8.637467345906117
0.708187802745877,0.9953448439337369,-0.6940041509746937,13.513517800984996
-0.19040615129908978,0.9805331401779276,0.09344262791535818,6.220202023731092
-0.28468193589647406,-0.4365766030810554,0.8901546516707772,-0.8129934735131876
-1.0,-0.11588852426559115,1.0,3.8473650056536117
-0.10729176297175691,-0.43769823672773933,-1.0,-4.438403208055233
-1.0,1.0,-0.0695206558525705,8.901578441732092
0.19822849570009327,-0.006757421016211573,-0.39269319933354363,1.7744067979494011
-1.0,-0.5448202775143174,-1.0,5.643967679742033
-0.2056574234015558,0.8827131482763713,1.0,9.4793547335956
-0.35082880082311263,1.0,0.0889929991040046,6.968441209695314
-0.4490905543605297,-0.3147082130596335,-0.7690232186311714,0.472667821367471
0.7209753270659445,-0.368666299646248,0.2356970341311262,1.3272340128072815
0.04105098211483882,0.7534171064895825,0.6569751766671292,2.3915284466422135
-0.28606331215268277,0.6202474226609109,0.34990199780873454,0.3245225474471214
1.0,0.9963681561619806,1.0,26.043369070482036
0.5794971668917788,-0.38108470098072833,-0.3879130129825903,0.6237040679610809
-1.0,-0.6999866535575265,0.16135810484838542,1.251754181861139
1.0,0.8262906370356222,-0.9494762602333839,19.459954229001447
1.0,0.8198190291572625,-0.47820306229208054,9.59426688949237
-0.46774719383238383,-0.017572015815988884,1.0,1.5862574725823586
1.0,-0.2985237910733072,-0.6216067227445554,6.789147188150383
-0.037974306282573256,0.6907765834710358,0.36699265425915284,1.4188812023916622
-0.27002515120050785,-0.11975721486276947,0.07368021804180191,-0.15621468039982417
-1.0,-0.4609401676736864,0.3916837414139902,0.10050181800264946
0.39331901498078015,0.592361492206821,0.34558435422146006,1.157270030345503
0.6892158330282083,0.1055266835552815,-1.0,-1.473570034814198
0.692321709072959,-0.8532985157964033,0.4755342169204755,0.7130861713550265
1.0,0.326831114605457,0.33971804414911966,7.350525024581626
0.343156773555366,0.3822149278981788,-0.1901975391294326,0.5738580659042845
-0.8379992841742709,-0.4389046704571755,-1.0,3.896315393076058
1.0,-1.0,1.0,-10.179789123897423
-0.48671094047338603,0.27688309255206534,0.32400705005034647,-0.682790231105572
-0.9111821787347694,-0.183125520397323,-0.15418206764257425,-1.9151695166517935
-0.005645594321997516,-0.5390193301858843,-0.6332947114663585,0.8766196656453125
0.8203514250602262,1.0,-0.47563546956471336,14.170068117659818
-0.15787384951793926,0.14225185937281348,0.9112021999671707,0.7981021158309861
0.5145389361745241,1.0,0.9110463360815388,9.323592352986621
-0.2050837326437538,0.5437723672672459,1.0,4.212117054090718
1.0,-0.14701390643428214,-0.6486204819566255,5.295876128972217
-0.5032361899568591,0.993879196109186,-1.0,0.020991114747484302
-0.7810790293158913,0.8780676753596599,-1.0,2.286903932198242
1.0,-0.6426598387094209,-1.0,-1.4734027623895976
-1.0,1.0,-0.21713354641114901,10.23371041503663
-0.07399621492714248,-1.0,0.26487344753941344,2.3790978576384347
-1.0,-0.4072369140962604,0.981842966084655,7.101507393838722
-0.9205302980226915,0.9963182068550387,-0.5907441118671022,7.647861140569029
-1.0,-0.8690605308640147,0.039248783731261616,5.207519045537342
-0.352482457732213,0.6456996980658276,0.10254356274234944,0.024327919841886203
1.0,0.2055163675031526,-0.3790925874538156,4.202651752461176
-0.021698751794430704,0.8548344781825084,-0.07951924063985105,2.8219725185327915
-1.0,0.4180200951287567,0.7252691581916948,-3.632689791387642
0.03334460723551991,0.7643512989817196,-0.05768502877492576,1.0562403355610612
-1.0,0.1541438605262484,-0.4714864317569989,-1.661227844624734
-0.5372607333861366,-0.14780006441545201,-0.9388909732162896,-0.4577484009299811
0.4490618541233804,0.3995521730864442,-0.5126263774295883,0.20020553397077157
-0.2406108208133948,1.0,-0.03773097452812557,7.609738399796201
0.1978977471300709,-0.30284430651603933,-0.25401723594200876,2.306871837701498
0.2644850804241954,-0.21172811335214092,-0.35146503737559187,1.342158928580863
-0.5105130855629982,1.0,-0.001822657722372334,5.870434092966099
0.07570978060423506,-0.31638947420512076,0.5478392466990838,0.7274273647322338
-0.7492577124718001,-0.6847716037818523,0.12026982923081686,1.4775153864718926
-0.7933849479569495,-0.7899965047279596,-0.2938141256318929,3.4408963391929084
0.4988214228369614,0.46063057646918937,-0.6146863715812478,1.7915679656378456
-0.15183244148196784,1.0,-0.3925068525164157,8.937166336080335
0.18473425154135303,-0.11440158879484952,-1.0,-4.402733684485639
0.9558297169986298,0.003477799421311323,0.45195956803379156,5.748319367446474
0.8451498029270419,-0.27915973795614346,0.7241408909329168,2.746671573536029
0.2080106821193286,-0.7756197066497597,0.04232214619082875,1.0167633926240236
-0.9818850243598667,0.03983228275308082,0.15018436364420462,-5.079600991518354
0.7859643943135144,-1.0,0.684251568445676,-3.6887911878794073
-1.0,-0.6175690753986964,-0.25918900082496044,-0.12543349546525534
-0.4106686073912098,-0.07112932590982779,1.0,0.801988750233239
-0.5702684740499093,0.11384386572470828,0.30979248552783356,-1.4255245194960042
0.5654382634835655,0.9942332342597568,-0.9385722624839494,9.48257695094014
0.4612663528180232,0.5353886167044324,0.7253679290955615,2.124878786596419
0.15490189989210812,0.5669239937322521,0.20466176668235936,0.047929392531325665
-1.0,1.0,1.0,17.156351825863332
-0.2902579054332297,0.477162512317699,-0.1626933138918243,-0.44456151449107284
0.3167852195252381,0.8880691858803693,-0.3625433955185864,4.420530651265293
0.48381376971814016,0.505567710444127,-1.0,-2.4256202682359294
-0.8621689981023419,-0.6336470921490611,0.5681959945505097,2.7101409739344655
1.0,0.35680984737787824,-0.09540925730157057,5.747673380705046
0.5335849196856901,0.7352355101875216,-1.0,-1.165136604717092
0.14067719092640862,-1.0,0.7523349880024384,-2.405958636462898
0.7162111284835504,-0.4104255853245682,0.6081338860020711,1.6449070016780891
-1.0,-0.207619904246231,0.5103993753788776,-2.1616968556550553
-1.0,0.8391398558523049,0.36377142251085726,-1.6144374288565415
0.03437440251088808,0.14480816412433084,-0.7482796791683866,1.0068498804191655
