degree,terms,cv_mse,cv_mse_sd,cv_r2,cv_r2_sd
1,4,32.72956595474592,4.090346589444492,0.2536670432819054,0.0771511593301011
2,10,21.170851310100712,2.081917463497932,0.5153859948083843,0.05904607796064675
3,20,11.273593071769138,2.216642477480446,0.7399608333685522,0.06372013685826969
4,35,3.5303476136415455,0.5692489522603492,0.9185200057578662,0.018993994963961636
5,56,1.4604679090591555,0.10773560714351989,0.9663617779664138,0.005356312278243516
6,84,0.5845962731111245,0.044353933274750866,0.986529027952853,0.002229942142225634
7,120,0.3127806220002066,0.04035067627687781,0.9927565330024832,0.0015781180962736708
8,165,0.2518954668812222,0.02894144202755152,0.9941961008072759,0.0010755030568590318
9,220,0.2763905729846349,0.04291998882401085,0.9936857567564197,0.0009646069738174716
10,286,0.567752159929696,0.4354991083465987,0.987804947504827,0.007224857868829638
11,364,0.8383173360001267,0.49888101119199096,0.981036292586967,0.010727579696664914
12,455,1.6389060849869501,1.2408051634492507,0.9604343938471237,0.03465337339976987
13,560,13.463014934673726,12.273366394979396,0.6823978821488161,0.3230052757371866
14,680,475.8568486518372,364.1590703566569,-10.311304783973114,8.992821043507599
15,816,3050807262640.7017,3051448148856.3433,-67389366767.33852,68320395499.13676
16,969,8983343430886.693,16890438245916.785,-170823025568.58163,312990157396.51996
17,1140,308428032099850.9,611374371818502.1,-5879150284734.887,11310508128659.078
18,1330,150842948012888.1,206724726404951.0,-3128991421484.368,4153817827008.14
19,1540,78095850259272.9,99476427367036.75,-1693874965702.6675,2250866704244.522
20,1771,60063131990453.11,79919476193856.36,-1325010717282.423,1871026775505.8838
