problem,degree,family,alpha,cv_mse,max_relative_dual_gap,converged
var2,11,Lasso,10.0,44.155816634945595,0.0,True
var2,11,Lasso,6.2101694189156165,44.155816634945595,0.0,True
var2,11,Lasso,3.856620421163472,44.155816634945595,7.072367383951368e-05,True
var2,11,Lasso,2.395026619987486,34.65518046131011,2.477211181202563e-06,True
var2,11,Lasso,1.4873521072935119,22.330914024318893,1.1230527589330584e-05,True
var2,11,Lasso,0.9236708571873865,14.30039252778341,2.5187040784535937e-05,True
var2,11,Lasso,0.5736152510448681,9.539224941052028,2.676848446578489e-05,True
var2,11,Lasso,0.35622478902624444,5.732130279611551,4.117283914349289e-05,True
var2,11,Lasso,0.22122162910704501,3.3630746357292964,6.701909020266163e-05,True
var2,11,Lasso,0.1373823795883264,1.8424635977026305,6.0118341053782915e-05,True
var2,11,Lasso,0.08531678524172806,1.1534678343788536,9.576132203925444e-05,True
var2,11,Lasso,0.05298316906283707,0.8602540752953394,9.982679980636857e-05,True
var2,11,Lasso,0.03290344562312668,0.6549442936071974,9.989733719903417e-05,True
var2,11,Lasso,0.020433597178569417,0.4875396681939458,9.999632651926624e-05,True
var2,11,Lasso,0.01268961003167922,0.39030530180835776,9.999139126987015e-05,True
var2,11,Lasso,0.007880462815669913,0.3378691333576893,9.999834725631732e-05,True
var2,11,Lasso,0.004893900918477494,0.3000686905659023,9.987356421919461e-05,True
var2,11,Lasso,0.0030391953823131978,0.27439174808708877,9.997010459523805e-05,True
var2,11,Lasso,0.0018873918221350976,0.25812636374278314,9.9999219532054e-05,True
var2,11,Lasso,0.0011721022975334804,0.24625026710270242,9.997861540928795e-05,True
var2,11,Lasso,0.0007278953843983146,0.23822172900674712,9.998677741723566e-05,True
var2,11,Lasso,0.00045203536563602405,0.23541232389751313,9.999215559756066e-05,True
var2,11,Lasso,0.00045,0.23541160475559977,9.999384282620755e-05,True
var2,11,Lasso,0.0002807216203941176,0.2384041413160908,9.999585585026896e-05,True
var2,11,Lasso,0.00017433288221999874,0.24528739518780215,0.00015001212165726712,False
var2,11,Lasso,0.00010826367338740541,0.2551491900271546,0.0003268083477218637,False
var2,11,Lasso,6.723357536499335e-05,0.26707338745192194,0.000492823406924079,False
var2,11,Lasso,4.1753189365604006e-05,0.28038138641481797,0.0006708101618239789,False
var2,11,Lasso,2.592943797404667e-05,0.2950341704766767,0.0008726514210991783,False
var2,11,Lasso,1.610262027560939e-05,0.3116158432081496,0.0010349986246394934,False
var2,11,Lasso,9.999999999999999e-06,0.32820381224821,0.0011882978651749905,False
var2,11,Ridge,1e-06,0.8355115494066749,0.0,True
var2,11,Ridge,2.0433597178569437e-06,0.8326525305705541,0.0,True
var2,11,Ridge,4.1753189365604e-06,0.827011894215078,0.0,True
var2,11,Ridge,8.531678524172814e-06,0.8162370877622221,0.0,True
var2,11,Ridge,1.7433288221999873e-05,0.7968327412732734,0.0,True
var2,11,Ridge,3.5622478902624444e-05,0.7652759891101464,0.0,True
var2,11,Ridge,7.27895384398316e-05,0.7212319321397529,0.0,True
var2,11,Ridge,0.00014873521072935117,0.6694740729750104,0.0,True
var2,11,Ridge,0.0003039195382313198,0.615488489816447,0.0,True
var2,11,Ridge,0.0006210169418915617,0.5605949779060143,0.0,True
var2,11,Ridge,0.0012689610031679222,0.5036775583482465,0.0,True
var2,11,Ridge,0.002592943797404667,0.4457063559993844,0.0,True
var2,11,Ridge,0.005298316906283713,0.39095173850314097,0.0,True
var2,11,Ridge,0.01082636733874054,0.3445136117779815,0.0,True
var2,11,Ridge,0.022122162910704502,0.3092965159355667,0.0,True
var2,11,Ridge,0.0452035365636024,0.28450919922934353,0.0,True
var2,11,Ridge,0.09236708571873865,0.26681623392614573,0.0,True
var2,11,Ridge,0.18873918221350997,0.2533181792673547,0.0,True
var2,11,Ridge,0.38566204211634725,0.2432434496751255,0.0,True
var2,11,Ridge,0.7880462815669921,0.23738656478841533,0.0,True
var2,11,Ridge,1.6102620275609392,0.2369869697242374,0.0,True
var2,11,Ridge,3.290344562312671,0.2434180953239387,0.0,True
var2,11,Ridge,6.723357536499335,0.2590211674998401,0.0,True
var2,11,Ridge,13.738237958832638,0.2883627255428979,0.0,True
var2,11,Ridge,28.072162039411815,0.3397254908426007,0.0,True
var2,11,Ridge,57.361525104486816,0.4293480579217944,0.0,True
var2,11,Ridge,117.21022975334793,0.5928593750148798,0.0,True
var2,11,Ridge,239.5026619987491,0.9039273334281234,0.0,True
var2,11,Ridge,489.3900918477499,1.4946256292750733,0.0,True
var2,11,Ridge,1000.0,2.5661676760018755,0.0,True
