problem,degree,status
var1,1,completed
var1,2,completed
var1,3,completed
var1,4,completed
var1,5,completed
var1,6,completed
var1,7,pending - interrupted for submission deadline
var1,8,pending - interrupted for submission deadline
var1,9,pending - interrupted for submission deadline
var1,10,pending - interrupted for submission deadline
var2,1,completed
var2,2,completed
var2,3,completed
var2,4,completed
var2,5,completed
var2,6,completed
var2,7,completed
var2,8,completed
var2,9,completed
var2,10,completed
var2,11,completed
var2,12,completed
var2,13,completed
var2,14,completed
var2,15,completed
var2,16,completed
var2,17,pending - interrupted for submission deadline
var2,18,pending - interrupted for submission deadline
var2,19,pending - interrupted for submission deadline
var2,20,pending - interrupted for submission deadline
