problem,degree,family,alpha,cv_mse,status
var1,1,Lasso,0.0011721022975334,8.665123719432438,completed
var1,1,Ridge,57.361525104486816,8.654496143331416,completed
var1,2,Lasso,0.0126896100316792,2.7612451560465443,completed
var1,2,Ridge,13.738237958832638,2.76643423248634,completed
var1,3,Lasso,0.0048939009184774,0.985021942532896,completed
var1,3,Ridge,6.723357536499335,1.000896166692958,completed
var1,4,Lasso,0.0078804628156699,0.6372492787310919,completed
var1,4,Ridge,28.07216203941181,0.7718055730573118,completed
var1,5,Lasso,0.0078804628156699,0.3277769945089274,completed
var1,5,Ridge,28.07216203941181,0.5130362102095699,completed
var1,6,Lasso,0.0126896100316792,0.3462292570990106,completed
var1,6,Ridge,57.361525104486816,0.6478013872502247,completed
var1,7,Lasso,,,pending
var1,7,Ridge,,,pending
var1,8,Lasso,,,pending
var1,8,Ridge,,,pending
var1,9,Lasso,,,pending
var1,9,Ridge,,,pending
var1,10,Lasso,,,pending
var1,10,Ridge,,,pending
