y_true,y_oof,residual
3.060863627778,2.4797475077265263,0.5811161200514738
11.513844169011872,12.018461761420234,-0.504617592408362
-3.456862576218428,-4.023952208831258,0.5670896326128294
-2.3318543337240745,-2.839458936144629,0.5076046024205545
2.916497930059913,2.9587577510082013,-0.04225982094828806
3.068202039680176,2.919565557177944,0.14863648250223171
4.983459787429196,4.748839038859872,0.23462074856932436
1.5721417346547406,0.9909830831433882,0.5811586515113524
-0.9094606632667336,-0.9706647879562184,0.06120412468948477
2.426015107112684,2.462309882745478,-0.03629477563279382
-0.5577790448397513,0.0357336891999559,-0.5935127340397072
7.8626611214679185,7.750626517650461,0.11203460381745778
4.19817224469836,3.936777057329669,0.2613951873686906
0.6301236940381335,0.11093891487984364,0.5191847791582899
4.19897333308182,3.9497663828274714,0.24920695025434902
0.7103313784004082,1.003925343676946,-0.2935939652765378
0.9188855289003964,1.4660081813509087,-0.5471226524505123
4.106495284443613,4.198460604733218,-0.09196532028960469
3.910956852228514,3.359885489969482,0.551071362259032
-0.0485434048303437,-0.11702725566508232,0.06848385083473862
-2.749808587080256,-3.384029177459677,0.6342205903794209
4.39450948008199,4.355818596750237,0.03869088333175341
-5.963012012978399,-5.784890558827746,-0.17812145415065306
1.499027085329706,1.0282159176220658,0.4708111677076403
1.4970705483342828,0.22494582164153187,1.272124726692751
-1.9005527883542903,-1.1974925943837724,-0.7030601939705179
0.8538342599219316,0.45012849679125044,0.4037057631306812
0.4543135705182537,0.8487453704257644,-0.39443179990751065
3.507418861180266,3.1335500169430675,0.3738688442371987
0.0358814955373221,0.09812933393991186,-0.06224783840258975
-1.639643524349306,-2.2726827900247932,0.6330392656754873
4.902520622728957,5.186762881218144,-0.2842422584891864
2.4685717304344283,2.94993419769808,-0.4813624672636516
-1.2696640400645234,-1.172600533056328,-0.09706350700819533
5.087532590943806,4.0501678072798795,1.0373647836639268
0.6977079803207754,0.9776709016346623,-0.2799629213138869
-0.0660466831973081,-0.023739236104026396,-0.0423074470932817
-0.7543244662766213,-0.23877864830744844,-0.5155458179691729
1.6624927628147328,1.845506443030033,-0.18301368021530018
1.4519266387646934,1.5047660691825449,-0.05283943041785144
0.4827631137100933,0.5559418963983047,-0.07317878268821143
-5.204262008036011,-5.055152184861308,-0.14910982317470278
-2.8745897911538285,-1.3443157618207835,-1.530274029333045
-1.5792729132218857,-1.9926368983512577,0.413363985129372
0.2438898029127119,0.11171642813170879,0.1321733747810031
-2.5609527581754743,-2.9095176387097292,0.34856488053425494
-2.0449427250864565,-0.7591882623141286,-1.2857544627723279
1.7256179806336651,1.7165866141811579,0.009031366452507239
5.424805128608087,5.477592789272722,-0.05278766066463536
-4.202318844461828,-3.674395707582483,-0.5279231368793447
6.803182193166918,6.571222088194018,0.23196010497289965
3.209056344700564,2.4180486215139183,0.7910077231866457
1.0308635139880211,1.3720904819591024,-0.3412269679710813
-2.833485430149034,-1.7002451467363318,-1.1332402834127024
-4.66274603974291,-5.089258725734073,0.4265126859911632
1.9713569325876144,1.4209777724818156,0.5503791601057988
-4.9799165668392735,-4.0850496223822,-0.8948669444570738
0.7328288737340433,0.18458249443370606,0.5482463793003371
-1.1392137340426882,-1.8126624526042363,0.6734487185615481
1.51221273771861,0.2530637526074197,1.2591489851111903
1.3087506718325568,1.4085829756857926,-0.09983230385323583
-1.5780378831926432,-1.8854975308641027,0.3074596476714595
0.1881522442246311,0.6078687279510033,-0.41971648372637227
0.5408160821865706,1.3430111491989984,-0.8021950670124278
-1.6815308195450236,-1.2004342927518992,-0.4810965267931244
-0.1121816631671636,-0.19001610314285322,0.07783443997568962
1.245095322710123,1.0174944118243427,0.22760091088578016
-2.5977614454310647,-2.3750112756937485,-0.2227501697373162
1.576248900461968,1.4554819058791677,0.12076699458280027
-1.753930780318736,-1.6719072713699141,-0.08202350894882193
-1.0827127798536738,-1.4214112862839272,0.33869850643025345
-1.5605674336052269,-2.255367726827537,0.6948002932223101
1.6885282143121685,1.0338211908322221,0.6547070234799464
-0.2089949988946908,0.12741044158020653,-0.33640544047489734
-4.48461487847636,-5.100216947135095,0.6156020686587356
-0.9298354597978032,-0.7401053435568932,-0.18973011624091007
-2.172187907816002,-2.293960208311162,0.12177230049515986
0.7046315084643084,0.6595569094407969,0.04507459902351152
0.7658474727155072,1.0668546669070924,-0.30100719419158517
0.5805883483803892,0.19453096677367965,0.38605738160670955
3.343839298307267,3.425740163310717,-0.08190086500345028
0.4699089091069297,-0.028550376183600013,0.4984592852905297
-1.5945566794653017,-2.8316007641854553,1.2370440847201536
4.044302337071345,3.5110696428024353,0.5332326942689098
1.7107119372875903,1.1005121128490942,0.6101998244384961
-6.222458443915672,-6.126636648091468,-0.0958217958242038
-1.7472726861189516,-2.2212091503153064,0.4739364641963548
-3.308391514979287,-3.064798503746797,-0.24359301123249022
4.634496517127748,3.9049788812593853,0.7295176358683628
-3.756452660899726,-4.2258481297541035,0.46939546885437755
-1.4973416484723434,-1.276993794954095,-0.22034785351824837
3.3549854900770395,2.336051842486912,1.0189336475901274
-3.6686501930390776,-3.9799843997927127,0.3113342067536351
5.383874292281316,6.706933534708881,-1.323059242427565
-1.6064647860466683,-1.3123305017311326,-0.2941342843155357
4.689212370942069,4.118829552957609,0.5703828179844601
1.102365159992603,0.24862131232709705,0.8537438476655059
-1.6930317309370078,-0.826018743264558,-0.8670129876724497
2.945041891162695,2.62279610462298,0.3222457865397148
0.3245014562231122,1.0545392262259907,-0.7300377700028785
1.8451648107903509,2.1262248912296924,-0.2810600804393415
-0.7154530260365044,-0.42850519552864164,-0.28694783050786277
0.9276207121181012,0.958544093449436,-0.030923381331334876
5.014448065999143,5.1713943517151675,-0.15694628571602465
4.972698611028344,6.470993024658528,-1.498294413630184
-4.361227551140661,-3.7177048301096,-0.6435227210310606
2.268884221766465,1.8695290400924276,0.3993551816740375
-0.6838516231942462,0.03545264796541725,-0.7193042711596634
2.4462473898146766,1.4129382581851813,1.0333091316294953
5.019293947097034,4.4450218887129935,0.5742720583840404
-0.2648129358275978,0.4045448028091012,-0.669357738636699
-0.5764994388947546,-1.7022505493304432,1.1257511104356885
2.181017560967588,2.612960181468996,-0.43194262050140786
2.829656372640732,3.1371814892997607,-0.3075251166590287
0.945629469597127,1.6288444970508382,-0.6832150274537112
-0.0557067966977004,0.16673383355032656,-0.22244063024802696
-0.1701274876834483,-0.1728005286774531,0.0026730409940048105
-2.5870139397318006,-2.044148189415388,-0.5428657503164125
0.9987137365746188,0.7848416585379967,0.21387207803662212
4.758711511008798,4.329123621419315,0.4295878895894827
3.65554994862105,3.187896734118459,0.4676532145025907
0.6409171969847238,0.7450938866496113,-0.10417668966488747
-2.0087701453480915,-2.1325380301056005,0.123767884757509
4.010766808805952,4.418882235138016,-0.40811542633206344
-1.4685274296174402,-0.6282919126417477,-0.8402355169756925
1.7540616827001054,2.1114641907779226,-0.35740250807781715
3.8487529182160487,3.9034104356749086,-0.05465751745885994
8.432994410396494,8.634568758240558,-0.2015743478440637
3.666541203075284,3.101056621609337,0.565484581465947
2.8817149352413574,2.776371379031557,0.1053435562098004
-4.507182013144253,-4.286573271036572,-0.22060874210768144
10.146741433461637,9.568898607254125,0.5778428262075117
2.3148613557133046,2.5878545818676075,-0.2729932261543029
0.1767386033422905,-0.5741060895371468,0.7508446928794373
-0.0661700076984581,0.37325752622900243,-0.43942753392746053
0.2948903693911556,0.5363584345413963,-0.24146806515024072
2.4110207369683225,2.29334998383962,0.11767075312870245
-2.832025214248122,-2.9873769495750504,0.15535173532692825
-2.434203794455463,-2.580792283070922,0.14658848861545914
4.904301754960059,4.24753556590257,0.656766189057489
3.4653860905560063,3.353329028955204,0.11205706160080231
1.3677005261248651,1.5256114862492602,-0.1579109601243951
0.6250149291600987,0.781955739103279,-0.15694080994318027
1.4494084494072497,1.3965496571055986,0.052858792301651025
-0.8997752138632262,-0.6683395480051462,-0.23143566585808006
-1.268947771582956,-1.415259947139373,0.14631217555641696
0.018328405757258,-0.33880111518449396,0.357129520941752
2.211213340502523,1.3639800561874766,0.8472332843150463
0.0255409956895863,-0.6328782759652918,0.6584192716548781
-1.8277380758241328,-1.7812503998510871,-0.046487675973045706
-7.38299682091456,-7.197495554270115,-0.18550126664444466
-1.308609875704524,-1.326723148084327,0.01811327237980298
7.047429264064758,7.226296185795683,-0.17886692173092555
-1.080084965908341,-0.7403433955008472,-0.33974157040749375
-0.1202938873533621,0.16750316541754584,-0.28779705277090795
-2.825240303495153,-1.7092130810570438,-1.1160272224381091
-0.862048274951341,-0.37188370645848334,-0.4901645684928576
1.1038355918319414,1.0201431751050758,0.08369241672686556
-0.1375346476282979,-0.10780494833120369,-0.02972969929709421
-2.8087328867549197,-3.212230681697257,0.40349779494233706
3.1806616889078216,3.475152731819749,-0.2944910429119272
1.5149955077181938,2.129093018371186,-0.6140975106529922
1.4008640079967185,1.2198103712785984,0.18105363671812014
-3.2860891598433346,-2.766778663152892,-0.5193104966904425
-0.6155598511922296,-1.3492485155343745,0.733688664342145
-4.343352573676404,-4.363142708632205,0.01979013495580162
-1.0693448573240836,-1.8114142563204427,0.7420693989963592
11.19102113190539,10.65791332396191,0.5331078079434803
-2.266461847141225,-2.763223763266721,0.49676191612549614
-0.034218420044525,-0.7519108372109171,0.7176924171663921
0.8466587285265572,1.5619107018642229,-0.7152519733376657
-3.469894228917853,-2.9243187507670685,-0.5455754781507847
3.9951906629355305,5.1147627274802945,-1.119572064544764
-0.5164091668484571,-0.2907734299679652,-0.22563573688049188
5.51778932571916,4.954370561578633,0.5634187641405264
1.2051251594764243,0.758000479316147,0.4471246801602773
-1.471737160737836,-1.0186720106624847,-0.4530651500753513
6.006342093873039,6.9428116399068625,-0.9364695460338233
3.3476961215133123,3.3325030819616783,0.01519303955163398
-2.918789929008027,-3.3495092792929295,0.4307193502849027
2.9541984903720717,2.087793249651583,0.8664052407204887
-0.5348095245821645,-0.9854475751142548,0.4506380505320904
0.0988153085963312,-0.029543149712609962,0.12835845830894116
0.3037116245856283,0.36191006864018704,-0.05819844405455876
2.102933733130387,2.0429885280143614,0.05994520511602541
-0.9011620929850412,-0.9567545762138105,0.05559248322876931
0.9889404658580118,1.2202799336926724,-0.23133946783466064
1.1239957307956263,0.47005289069188805,0.6539428401037383
2.0728486188150086,2.153150532979379,-0.08030191416437038
-1.4962210499726472,-2.1321358467816354,0.6359147968089882
-1.029205261314257,-1.9412488060277924,0.9120435447135353
3.262928296540504,2.4009864129508043,0.8619418835896999
2.340396457621693,2.0315546609062447,0.3088417967154484
3.2719522014117053,3.7292474653456655,-0.45729526393396025
0.7035899011550766,0.7552758752699016,-0.051685974114825006
0.155603006507514,-0.41900010844075486,0.5746031149482689
3.9892925529312206,4.364240111040001,-0.3749475581087802
-1.7900323375559748,-1.0725098942731077,-0.7175224432828671
2.576493202458273,1.6530852094486357,0.9234079930096373
2.5328680058007564,2.866185442951305,-0.33331743715054873
1.265239705125317,1.15252072729194,0.11271897783337703
2.46868278967784,1.985420324396903,0.48326246528093675
-2.1450791287304574,-1.544748841245129,-0.6003302874853285
5.181310558608714,4.7403962552004,0.44091430340831383
-2.2884391201629,-1.9913334453784723,-0.2971056747844276
1.57409779139322,0.8087949784856622,0.7653028129075578
4.71758183275925,3.722543585005612,0.9950382477536381
-0.5309538945273226,-0.18864130636483523,-0.34231258816248733
-3.174131908591721,-2.6295076158679285,-0.5446242927237925
-2.6775043789021926,-1.3934892328695265,-1.284015146032666
-0.9045180256678348,-0.03871177006921267,-0.8658062555986221
0.4164841641707497,0.9165734554000803,-0.5000892912293307
-3.2934039827212613,-3.3243052476766968,0.030901264955435437
-0.9817720821939172,-0.7396438800275567,-0.24212820216636055
6.108781931113724,5.788768246945791,0.3200136841679333
6.679713489720484,7.219983660235549,-0.5402701705150648
-2.0358453724536805,-1.1277270749133077,-0.9081182975403728
-2.466316297867248,-2.7426604910694548,0.2763441932022066
-0.2183870412144704,-0.20832839924194635,-0.01005864197252404
-2.334544372281166,-2.9481476334686483,0.6136032611874822
0.4389107422930265,0.2312310212028984,0.2076797210901281
2.107490082257423,2.612740815966278,-0.5052507337088552
-1.047403238196006,-2.0759803484194306,1.0285771102234247
4.560797440776029,3.036898374905535,1.523899065870494
0.8400332095806907,0.8661229929439328,-0.02608978336324208
-3.264085965093587,-2.0804420877202405,-1.1836438773733464
-4.694653829298388,-3.9754662211408953,-0.7191876081574926
-3.5406090393596843,-3.1985978710452927,-0.3420111683143916
-5.898201504628148,-5.991951951278924,0.09375044665077592
-1.804774649584591,-2.0852253549590585,0.28045070537446737
-0.1948249001606593,-0.33518034123039053,0.14035544106973125
1.9938573426463837,2.3376114467478386,-0.3437541041014549
-1.392101540415963,-0.734658485488556,-0.657443054927407
3.215834273574863,3.6189451204848013,-0.4031108469099385
4.799859020159953,4.066483434808775,0.7333755853511787
-3.535892474905417,-3.7590467867029744,0.22315431179755763
-1.2207572842449896,-1.5556275854569346,0.33487030121194494
3.241492990027499,2.1172207367276448,1.1242722532998544
2.0097386103188346,2.0990978969923275,-0.08935928667349291
1.92636147164802,0.5517870428963398,1.3745744287516801
-1.9996523588813773,-2.3155522279723684,0.3158998690909911
-2.322020466550431,-1.9961654795566544,-0.3258549869937766
0.1632023676408926,0.20106025976587938,-0.037857892124986775
2.282854667616363,3.089064434338084,-0.8062097667217212
3.1385221750066483,2.818946338874479,0.3195758361321692
-0.2105373111599703,-0.13071098082481414,-0.07982633033515615
0.7488446454896049,0.31054257726402035,0.4383020682255846
2.83717404714536,2.0901019837929216,0.7470720633524386
1.544400776481599,2.416504746166483,-0.872103969684884
-0.8645303700059608,-0.7808897600757971,-0.08364060993016365
0.2157289439035851,-0.7594075613333964,0.9751365052369815
0.4504528398288447,0.7130889545734972,-0.2626361147446525
-1.6950795558615277,-1.4757271947797772,-0.2193523610817505
4.394959508458023,4.4909407660168235,-0.09598125755880016
-2.6953357185562923,-2.4208304747165212,-0.27450524383977104
1.0920709544437517,0.1755802230848339,0.9164907313589178
2.2763033796403107,1.3447546318265986,0.9315487478137121
3.4113883626221666,2.420463496632741,0.9909248659894256
0.7290130678982122,0.27812862925881093,0.45088443863940125
5.451008223808028,5.1609802997943275,0.2900279240137005
3.8409676470496734,3.615387458412905,0.22558018863676832
-1.7667239580314706,-1.5445273065095986,-0.22219665152187207
-1.4873845819924103,-2.034000597589953,0.5466160155975426
3.1568003236968565,3.1994168336055475,-0.042616509908691036
1.634893617145369,-0.276329291709573,1.911222908854942
-4.697410504269358,-4.865960772311327,0.16855026804196882
2.2064359322671305,1.9651160489516752,0.24131988331545529
0.3789416857612415,0.3625392456346348,0.016402440126606688
1.9052087385093404,2.179511775573972,-0.27430303706463155
-2.6725085716838923,-2.950878530568343,0.2783699588844506
1.9445456144507367,2.493627965090279,-0.5490823506395421
0.1720151604009285,0.04350332985864036,0.12851183054228815
3.3337698546569974,3.1803711714368887,0.15339868322010863
0.5106068798069455,0.28016922249692516,0.23043765731002036
3.645879291733682,3.316890521589174,0.328988770144508
-0.82056164675791,-0.03211535295980705,-0.7884462937981029
0.5670245322944922,-0.16027046028583514,0.7272949925803274
5.380399104773423,5.6265033024545295,-0.24610419768110603
9.40604764243126,9.70153224478189,-0.2954846023506299
-1.309370847705484,-0.761398325724341,-0.547972521981143
7.965436548672999,7.8875283424953375,0.07790820617766148
-4.132081024924133,-2.730507733521869,-1.4015732914022645
6.117149909824148,5.179564809672444,0.9375851001517042
-3.582201390268928,-1.8086842688067684,-1.7735171214621595
4.872561801636486,4.241083055854304,0.6314787457821822
-0.4436531127534202,0.216557795363305,-0.6602109081167251
4.398861745846265,3.762513751574581,0.6363479942716839
1.977569623993401,3.1810568334579257,-1.2034872094645246
1.499346332569103,2.390370670405476,-0.8910243378363729
1.1706434912453925,0.8912184971861177,0.2794249940592748
-1.595970159095428,-1.4371482205242465,-0.15882193857118154
0.8012900546695463,0.911596601945311,-0.11030654727576472
-2.62033480019558,-2.6711151362057715,0.050780336010191274
3.185526407675429,2.7352563619558623,0.4502700457195665
-1.3356729802329947,-0.4812807503939234,-0.8543922298390714
1.826751635193874,0.6014481585704421,1.2253034766234319
0.3814903303485943,0.37831925751701156,0.003171072831582744
3.1526573441118013,3.3504092445762708,-0.19775190046446944
-2.374944472834889,-2.060192438534118,-0.31475203430077103
1.929744055868461,1.9962556527924549,-0.06651159692399378
1.1380802519239372,0.9358922198453763,0.20218803207856095
4.539138613905555,4.432937662222668,0.10620095168288746
-0.125821043934429,0.3371148311237489,-0.4629358750581779
-2.344444857794006,-2.088499591652965,-0.25594526614104085
4.35244486338437,3.4557558082115403,0.8966890551728302
-0.1198221305222416,0.12390002308999604,-0.24372215361223765
3.465042134038554,3.374125765381899,0.09091636865665498
0.4908001945461189,0.3822588204306853,0.10854137411543358
-1.242844374403118,0.17422713030898795,-1.4170715047121059
-0.0565958071679283,-0.08256434718895445,0.025968540021026144
-0.4907081058270732,-1.3200238568306304,0.8293157510035571
5.673983674081947,5.207820924630931,0.46616274945101654
0.4165635890147843,-0.5312821775240464,0.9478457665388307
0.4710171489994654,1.2141679250254835,-0.7431507760260181
0.369839888458305,0.23361912395734336,0.13622076450096166
-3.136600469160349,-2.5789192516980726,-0.5576812174622763
-0.4726308592855207,0.6019929052720061,-1.0746237645575267
0.0471994819188564,-0.8263534925391963,0.8735529744580527
1.1514178577762086,1.59156088252535,-0.44014302474914135
-1.634654949010279,-1.1542231838763857,-0.4804317651338934
0.4049116572304323,0.21733875232786581,0.1875729049025665
1.3001440881931368,1.2091325556406594,0.0910115325524774
0.7588281215938771,0.45303041035907243,0.3057977112348047
-6.609440732075149,-6.892454176400426,0.28301344432527653
-1.7831186355531856,-2.064356722103761,0.28123808655057525
-0.5317355112820368,-0.33491713767260933,-0.19681837360942744
3.044775706829283,3.021542227772477,0.02323347905680606
5.373947982055391,5.33294580648138,0.04100217557401109
-4.576179067877808,-2.148620615192714,-2.427558452685094
4.715452874894728,4.0839652997604885,0.6314875751342397
4.7150281053957865,4.590058335061706,0.12496977033408019
-4.64977721973652,-5.177565317471533,0.5277880977350131
-0.4625851989016926,-0.20178388688137383,-0.26080131202031875
0.5494170905318092,0.28879746812473805,0.26061962240707115
-5.536760134753763,-5.275413245258829,-0.26134688949493423
1.121633910029844,0.32614685411182753,0.7954870559180165
-1.5942377148426956,-2.0237379253835392,0.42950021054084364
-0.4209174794866795,0.17607777860729867,-0.5969952580939781
1.38927863002871,1.4702904357950988,-0.08101180576638867
1.464388858129018,0.5159156136838985,0.9484732444451196
-1.147227381516698,-0.6288107580173441,-0.5184166234993539
3.172424341294006,2.9257091989060138,0.24671514238799208
-1.8945847537959024,-1.9963805693112735,0.10179581551537109
2.3470158585399234,1.9701568210304004,0.3768590375095231
3.754862132771055,3.2596179993947016,0.49524413337635353
-1.7472378647311806,-2.0217088081761094,0.27447094344492884
-5.609206471839383,-5.047149069158337,-0.5620574026810461
-0.81248259011456,-1.4340950852077783,0.6216124950932183
-0.5026273368401734,-0.5561224109613508,0.05349507412117749
-5.899397027634977,-6.030347026669263,0.13094999903428572
0.42112723253976,0.41363466744645827,0.007492565093301706
-2.330358998294753,-1.9706064061916049,-0.35975259210314814
-0.3068269800737451,0.5197373030366306,-0.8265642831103757
-2.293771462008336,-1.8240845194166606,-0.4696869425916754
-0.6803112595508654,-0.4611988414698873,-0.21911241808097803
1.3098495860962776,1.597158811046346,-0.2873092249500684
1.4786013276885193,1.541112022387526,-0.06251069469900683
-0.9904745267944302,-0.2867609393603866,-0.7037135874340436
-1.1132576366758138,0.06316613632700852,-1.1764237730028224
4.65730763064145,4.912896494153625,-0.255588863512175
-0.951867038818929,-0.809809807367377,-0.14205723145155202
-0.5799899335563349,0.3195553261841008,-0.8995452597404356
-1.44427228905327,-0.851003238808381,-0.593269050244889
-0.708059810745884,-1.2501024204334024,0.5420426096875184
2.2352020999884883,2.7128401830166684,-0.4776380830281801
1.6100033456656446,2.8504882247274406,-1.240484879061796
0.5512596548680433,0.23771255107394484,0.31354710379409845
-2.2612730974670647,-2.6432860521883867,0.382012954721322
3.53667672967341,3.2046024428764444,0.3320742867969657
-0.3012522323824741,0.11566591019385142,-0.41691814257632553
3.853848885858646,3.282827767610369,0.571021118248277
-2.48957074898927,-2.576716980273412,0.08714623128414178
1.7217517100990918,1.190308829178444,0.5314428809206477
7.887837197154289,7.732024560751028,0.15581263640326082
3.650368253701629,3.32102211902393,0.3293461346776989
-1.2450441873706657,-0.7495357186607403,-0.4955084687099254
4.0450423264687085,2.7847955933832846,1.260246733085424
1.0169887106543571,1.1661295170332258,-0.14914080637886862
-5.605611850604307,-5.9855190700534315,0.37990721944912487
2.8982098891806096,2.3189209261630093,0.5792889630176004
2.025597148267389,1.3203511278856617,0.7052460203817272
-0.0615103373302525,-0.0005153630013063903,-0.06099497432894611
3.693038269636171,3.785662906373031,-0.09262463673685994
4.532009472092332,4.226723467367589,0.305286004724743
0.1083418650389932,0.03305585143571754,0.07528601360327565
0.352018288076397,1.0084468479589561,-0.6564285598825591
4.759416364466621,5.085540716997339,-0.3261243525307176
2.7798213263552283,2.942424998010935,-0.16260367165570688
-0.3131193763826952,0.16110750878270996,-0.4742268851654052
0.5400510476615358,0.4437074740062096,0.0963435736553262
-4.449790821011599,-4.746011782885446,0.2962209618738463
0.5550877764234514,0.9692678904597135,-0.4141801140362621
-1.823846857716304,-1.6871335757076018,-0.13671328200870225
5.513871511459843,6.217235603695666,-0.7033640922358231
-0.5833787572126825,-0.18760699523069646,-0.39577176198198605
2.9051824040119905,3.147690010707266,-0.2425076066952756
-0.7087190154516945,-0.09636273864751865,-0.6123562768041758
-5.523043669644461,-5.171109866426992,-0.35193380321746925
0.5809590451023396,0.5032490519320374,0.07770999317030225
-0.2037824116079682,0.1665881855403596,-0.37037059714832776
0.7216360856467081,0.8922806918169607,-0.17064460617025257
2.518187271781252,2.8840206265224984,-0.36583335474124645
8.022129860032422,7.657190685823113,0.3649391742093089
-3.157734754853826,-2.0071276808077525,-1.1506070740460737
4.448875678826158,4.324084773078048,0.12479090574811025
-0.3230368524741216,-0.917093633619015,0.5940567811448934
1.849712095773918,0.9104972642526903,0.9392148315212276
-2.699963681584449,-2.469446570470595,-0.23051711111385442
-2.165785736454699,-2.1879497470698412,0.02216401061514217
2.223113937350109,1.8609741442702705,0.3621397930798387
-0.3908115544127458,-1.131876065398135,0.7410645109853893
-1.5378720940876254,-1.100772466654774,-0.43709962743285136
-4.923195940757335,-5.713077453617767,0.7898815128604317
2.2845828139297546,2.364272245562242,-0.0796894316324872
5.699722665375091,5.76499510649271,-0.06527244111761821
-2.623972332300966,-3.279110183487336,0.6551378511863701
-0.7151017741103727,-0.5452599001521847,-0.16984187395818795
-5.302250602755817,-5.70068937132454,0.39843876856872296
3.411758744329181,2.894809832930857,0.5169489113983237
-1.156257661280462,-1.196820593092193,0.040562931811730873
1.0479644549117917,1.2746317075245233,-0.22666725261273157
0.8802060032584276,0.9546480922839337,-0.07444208902550609
-2.9983626619590784,-2.5870237400781697,-0.4113389218809087
-0.9188523174447168,-1.1749064609535034,0.2560541435087865
3.79826794034308,3.6274420645376595,0.1708258758054204
-0.1657018448301223,-0.7628441944788129,0.5971423496486906
2.404159526238033,2.168259568527035,0.23589995771099792
-2.924452497830388,-1.9378974935874203,-0.9865550042429678
1.890012943637312,1.803136637381697,0.08687630625561504
9.10968318489923,8.032761149547587,1.076922035351643
2.628512442299711,1.8925233365620855,0.7359891057376253
-0.0625269542175191,0.2551347655122136,-0.31766171972973267
-1.0065047304497898,-0.021811820494589185,-0.9846929099552006
-1.4469331217376669,-0.30968758959375353,-1.1372455321439134
-2.505170797423618,-1.814797496608031,-0.690373300815587
-0.8868111365188154,-0.7471393285268376,-0.13967180799197776
4.156912116870338,3.4319301145649135,0.7249820023054241
-1.348389160706418,-0.8969607591985714,-0.4514284015078466
6.109713391641088,6.950071559176894,-0.8403581675358058
4.536726420259225,4.457638720925419,0.07908769933380544
0.8973527844623034,0.19824195699467118,0.6991108274676322
-6.236408299611693,-5.446970695955597,-0.7894376036560962
-3.961788071326576,-3.929517542627652,-0.03227052869892422
3.2941686002167243,2.9420569996337296,0.35211160058299473
-2.0785401165552657,-2.297864252981939,0.21932413642667337
-3.3363524893923997,-3.3935822138783562,0.057229724485956535
-2.3163502528586117,-1.8662967368861219,-0.4500535159724899
3.172785688358498,3.549835038851956,-0.3770493504934582
1.8466973032525127,2.331527773172354,-0.48483046991984136
7.242314348971585,7.229206286419355,0.01310806255222996
0.910543188583038,0.7360532472747714,0.17448994130826656
-1.1663047769459045,-1.911567035458444,0.7452622585125395
0.7861589314205202,-0.11907888476013173,0.9052378161806519
-4.97530754394846,-5.093139693134498,0.11783214918603768
3.17266773099939,4.588030272466468,-1.4153625414670779
-1.86891680577566,-1.6045334875050625,-0.26438331827059747
-0.8458190883629176,-1.4245157655493539,0.5786966771864362
1.0812078746511389,1.5147589093783718,-0.4335510347272329
-0.4809232285424493,-0.043448652006183974,-0.4374745765362653
4.830860587773103,5.110880739734901,-0.2800201519617982
-2.5851758189489704,-3.667143704867229,1.0819678859182584
0.9834424530451332,1.4507719610276453,-0.46732950798251205
-5.468280282232992,-5.583484261400519,0.11520397916752767
-5.351104359907663,-4.750716818569656,-0.6003875413380069
1.7260115661356283,0.4939769061043586,1.2320346600312697
2.866705552855162,2.108056211342978,0.758649341512184
-3.976488752564322,-4.072458487171085,0.09596973460676272
0.3008040199381036,1.0046712856749374,-0.7038672657368338
1.0716963577044936,0.405708869682023,0.6659874880224705
-3.073702699459578,-3.385371297907547,0.311668598447969
2.644763970647708,3.540380749928487,-0.895616779280779
7.285090530050596,6.467282042752359,0.8178084872982367
0.0454055866747041,0.6535777342720164,-0.6081721475973123
3.568402016430066,3.5653215945868126,0.0030804218432534114
-4.612720073605861,-4.727021387335461,0.11430131372959984
-1.5954326536274557,-0.995827234556942,-0.5996054190705137
0.9758018144054764,1.5061063405524022,-0.5303045261469258
-2.33080626152419,-2.6876779352106572,0.35687167368646744
0.7486991104694977,0.6391364068153118,0.10956270365418586
4.107504085382635,3.1356363507054277,0.9718677346772071
-1.0459348686196914,-0.7987320314029299,-0.2472028372167615
-0.8171978148781952,-0.06618702561278211,-0.7510107892654131
2.5303137872048835,2.008730461884122,0.5215833253207616
-1.7785806587333353,-1.5664142033960384,-0.21216645533729683
-4.665039094796734,-3.857463889644242,-0.8075752051524923
-3.4693810559250635,-3.8438017203858728,0.37442066446080924
-0.0595090892716262,-0.3931263945373886,0.33361730526576244
5.995961852282413,6.275572876113886,-0.27961102383147285
5.745980943867081,6.650420043936286,-0.9044391000692054
2.952971651012028,1.6254758572623698,1.3274957937496583
-3.0034957304790617,-2.5476237030096467,-0.455872027469415
-0.1082676384559707,-0.37423172862558396,0.26596409016961325
0.708970167256185,0.525748706330989,0.18322146092519598
4.094369228689095,3.0427768553187926,1.051592373370302
1.2405310806756429,1.7153305659274627,-0.4747994852518198
0.6876097253643598,0.5772914314912139,0.11031829387314596
0.8948784553815108,1.0039023193903458,-0.10902386400883501
0.1511013549289923,-0.10412586912247324,0.25522722405146553
1.580735649761711,1.9076696456145479,-0.3269339958528368
0.787859376887829,1.646558817354046,-0.8586994404662169
0.5213175528393752,0.9394436786785798,-0.4181261258392046
-3.2325556644879336,-2.2814839780977145,-0.9510716863902191
3.388002595963662,2.4969132944409496,0.8910893015227126
-4.584271541936196,-4.7270887498916485,0.14281720795545283
-3.1591063978027,-3.7145172247105016,0.5554108269078015
-0.2059446529111029,-0.06344655959762646,-0.14249809331347643
0.4758792073276716,0.15167665767059813,0.32420254965707346
5.266467587187138,5.009619237039907,0.25684835014723095
-2.122062328525564,-2.420081231644009,0.2980189031184448
1.2950766341134277,2.0471863770037086,-0.752109742890281
1.327644114270523,1.3048078389001319,0.022836275370391235
4.958814586974358,3.9480846889262566,1.0107298980481016
5.253746481593359,5.084706237094671,0.1690402444986887
0.424030292737505,1.0588214450282691,-0.6347911522907641
0.3578110080940234,0.46674972609911985,-0.10893871800509647
-0.9638905499093596,-0.17019254905261094,-0.7936980008567487
-3.927607321012114,-3.688705479245283,-0.2389018417668307
-0.1390190262202299,-0.26289060562817734,0.12387157940794744
4.295232665051743,3.7312300346526,0.564002630399143
-1.1045868270978674,-1.1552670579652866,0.05068023086741924
0.4834361430753203,0.330755187567186,0.15268095550813426
2.8991779528271637,3.9395637125981673,-1.0403857597710036
-0.3864280463370382,0.39856754753717843,-0.7849955938742166
-0.1362199913529781,0.13315312733672957,-0.2693731186897077
-3.140332180063276,-3.4162450508528375,0.2759128707895613
-0.5174227138684356,0.4728249972268104,-0.990247711095246
0.960383844237898,1.1123681315964322,-0.1519842873585342
-0.933924302633116,-1.1063758753563304,0.17245157272321443
8.376789882344145,8.975231798353311,-0.5984419160091665
-3.896015303903411,-4.478077992298728,0.5820626883953173
2.4416496601505355,1.23804461128994,1.2036050488605956
2.5557884917113496,1.7695274511235481,0.7862610405878014
-0.391805477207448,-0.6536884709508324,0.26188299374338436
1.5451503990240352,1.5415287161619573,0.0036216828620778685
1.092072879815766,0.6204039930485793,0.47166888676718666
-3.385796791910737,-3.318955306211337,-0.06684148569939996
-2.13811176831847,-1.4234649626122038,-0.7146468057062663
0.6664133906841321,0.42156296351864975,0.24485042716548233
1.1458923242292232,0.44953260061648853,0.6963597236127346
-0.8320957165942691,-1.006037199401718,0.17394148280744903
-1.2350243275436603,-1.346206934968536,0.11118260742487562
3.622914426351972,3.877575644038318,-0.25466121768634586
-0.0853108056932199,-1.0760951542531536,0.9907843485599337
4.268885603828845,4.455219925754459,-0.1863343219256146
5.546892537818447,5.098899237905732,0.4479932999127154
1.9150584661133807,1.7298494874471344,0.1852089786662463
-2.301272061054488,-2.7116079955115,0.41033593445701166
5.014523439435089,4.395840558288213,0.6186828811468761
-0.3806528843405079,0.13755874580840133,-0.5182116301489093
3.788013992991775,2.585172995721413,1.202840997270362
-1.4587799089686635,-2.7563578791652197,1.2975779701965562
0.6164085402468911,1.0458604264323383,-0.4294518861854473
0.354443207663376,0.6121936880427568,-0.25775048037938075
3.78728313144876,3.3835825049499073,0.4037006264988525
-7.045501779885082,-6.20099567080252,-0.8445061090825616
-1.884629379474971,-2.4900404792944872,0.6054110998195164
-2.750469195015308,-2.5963537635805713,-0.15411543143473683
-4.936247558179905,-4.853337782399188,-0.0829097757807169
-0.3482522602312221,-0.20216906793614564,-0.14608319229507644
0.4818013392600935,0.7294718117052779,-0.24767047244518436
1.2268959585999366,1.4246328670273414,-0.19773690842740477
2.018558774536648,2.0756343784851565,-0.057075603948508746
-4.866225696056584,-5.509737441975062,0.6435117459184783
1.2254797207677492,1.7061561517874058,-0.4806764310196565
4.850668652279407,4.101349104492283,0.749319547787124
0.014910088925832,-0.11288625489259518,0.1277963438184272
2.636283986314818,2.816374832609672,-0.18009084629485406
6.4932002420768695,6.319767676418449,0.17343256565842058
-3.3757451426101275,-2.789444031722173,-0.5863011108879546
7.979566486750039,8.018935476496942,-0.039368989746903615
4.163253528310458,4.637993148327647,-0.47473962001718917
0.7730544591544809,1.1391319659392458,-0.3660775067847649
-3.395992197338559,-3.830437376623066,0.434445179284507
-1.9987458845208492,-1.4017346697763817,-0.5970112147444675
-0.5724945947874333,0.4533978289770436,-1.0258924237644769
5.220024604922365,6.060855941810753,-0.840831336888388
1.1969538207283763,1.1546733345907028,0.042280486137673545
-3.4094874143108904,-4.541175303619985,1.1316878893090947
0.6580950981486232,0.5911709150456684,0.06692418310295478
-0.0369645784497515,-0.3719821309641863,0.3350175525144348
3.055553601486115,2.5941922393014423,0.4613613621846726
-1.7509873437349717,-1.3077021199880843,-0.4432852237468874
5.7873835706947965,5.635585834500914,0.15179773619388204
6.835277053480726,6.348333768331549,0.4869432851491773
-2.154646150725368,-2.2400458479380774,0.08539969721270957
4.683904061247059,3.8382676934000015,0.8456363678470575
2.8290988167130897,2.668846503474402,0.16025231323868772
1.3839418600720446,0.8577787773667691,0.5261630827052755
7.385736937704388,6.35801551646987,1.027721421234518
3.511337935020868,2.86925112553993,0.6420868094809382
3.11895947225726,3.005054080916938,0.11390539134032185
-2.069548765925654,-1.9863841767207042,-0.08316458920494996
-1.910462824921884,-2.088623792541527,0.17816096761964317
-0.2806004764069602,-0.19307608996070225,-0.08752438644625793
-0.2400453491184387,0.4139147664091891,-0.6539601155276278
-3.327718777304926,-1.813332862254196,-1.5143859150507302
-0.9692117751831516,-1.5311418700279429,0.5619300948447913
-1.7613858747642643,-1.9466449558210057,0.18525908105674138
1.7571194948729678,1.7422316295790705,0.014887865293897296
-4.658920387096225,-4.300973173344358,-0.3579472137518662
-3.388617164475147,-2.996304305796669,-0.39231285867847765
2.236083598823811,1.5377594486982287,0.6983241501255821
4.002721260294539,4.486201465570551,-0.4834802052760123
0.3747614167777972,-0.22373394434425564,0.5984953611220528
2.8263799328683987,2.3928408025851384,0.4335391302832603
-0.4747100306673716,-0.22561925124217974,-0.24909077942519187
0.1924201624463152,-0.6253438152149243,0.8177639776612395
4.042158168037775,3.6983942230687945,0.3437639449689809
0.777985646851778,0.8793026768725796,-0.10131703002080161
-0.7577778226029458,-0.17334078997769975,-0.584437032625246
5.260141613848059,4.620043063594697,0.6400985502533612
1.730013380762013,1.734546514469938,-0.004533133707924852
-0.5583768127905229,-1.493547579691775,0.9351707669012521
3.465742170034361,3.4216596654207345,0.044082504613626394
-0.3863994218658434,-0.5803946878823653,0.19399526601652184
-3.695524206163413,-3.5466009194806496,-0.14892328668276322
5.74625889066147,5.439595337966178,0.30666355269529166
4.764913580998512,5.263483038456039,-0.4985694574575268
3.401427723710026,3.858222422431669,-0.4567946987216427
0.2040917064812086,0.3094022691943875,-0.1053105627131789
-1.7683547646463225,-1.5333291865315097,-0.23502557811481273
-1.4483116011495645,-1.4394469574921338,-0.00886464365743067
1.9113081069787865,1.7099803839528105,0.201327723025976
5.822938907974968,6.196190102658637,-0.37325119468366896
4.237922739062949,4.250934676522643,-0.013011937459694423
6.918830010423595,6.30645590191977,0.6123741085038255
3.3813612689030856,3.01063164641874,0.3707296224843457
3.10483885742663,2.730217498672644,0.37462135875398594
1.4054145077657838,1.9061068285714495,-0.5006923208056657
-2.311286452291196,-1.5520067954581687,-0.7592796568330273
-2.4274503646069383,-3.090387703571065,0.6629373389641269
-2.1538675826393443,-2.3874480802634714,0.23358049762412714
-4.825926191268882,-4.823786288960528,-0.002139902308353925
7.500966158917343,7.194519918379827,0.30644624053751635
-4.907847533624985,-3.823181584934063,-1.0846659486909225
-1.1109245381654,-1.383845334331944,0.27292079616654386
2.1464479564824157,2.235953509608503,-0.0895055531260871
3.574691736269617,3.0307604240894777,0.5439313121801392
-0.5365420419291586,-0.8751638417688234,0.3386217998396649
0.1781287533750317,0.5572113699143549,-0.37908261653932324
-0.959634417537396,-0.5075147882005294,-0.45211962933686656
0.7516728426939522,0.43377894347088275,0.31789389922306943
1.820592681367561,3.0017082672177438,-1.1811155858501827
1.331078378636604,2.2484486961294143,-0.9173703174928103
-2.609170199901201,-2.1491136183406363,-0.46005658156056484
1.1690423774169425,1.2192663516996793,-0.05022397428273684
-1.6383646586129568,-1.8082058490066686,0.16984119039371182
2.4457121356699814,2.5972457708006567,-0.1515336351306753
0.9258396222035566,1.1627467360731105,-0.23690711386955388
-1.6308676943989937,-1.73375526224745,0.10288756784845621
0.7708869702423948,0.42420479735346767,0.34668217288892716
-1.1459263789338665,-0.9118879939838044,-0.23403838495006213
-1.0158325656974772,-1.2003738677932378,0.1845413020957607
1.1639577589720491,0.7023765843322569,0.4615811746397922
2.539962838184165,2.982315085759827,-0.44235224757566227
-3.284426367936885,-3.0393736121127706,-0.24505275582411423
5.912945030981256,6.591721130939379,-0.6787760999581227
2.6448409992905995,2.1291408935946605,0.5157001056959389
2.582497800921568,2.789166248250305,-0.2066684473287368
-3.7547149024302025,-2.790947532984912,-0.9637673694452906
-0.0453505920324315,0.2491772346372894,-0.2945278266697209
-1.4329930994858409,-2.317302073811424,0.884308974325583
0.3048771499315137,0.4435347427930585,-0.13865759286154478
0.566217403501023,1.3690637172187716,-0.8028463137177486
4.256573567718992,3.9353113725155087,0.32126219520348354
1.0990641303085638,1.9409983165961637,-0.8419341862876
-1.1192905965248734,-1.2387053856870083,0.11941478916213488
-0.5702274938914276,-0.04765610256501396,-0.5225713913264136
0.041193073927785,0.673423534254442,-0.632230460326657
-1.0056513069872488,-1.3075825502814666,0.30193124329421783
4.668124575978684,4.800984840717429,-0.13286026473874468
1.0051189662943785,0.758950933953121,0.2461680323412575
-0.1520069650087946,0.049374689739841604,-0.2013816547486362
0.2397813064131595,1.18665702826237,-0.9468757218492105
-0.4346979085629653,-0.196240164698825,-0.23845774386414031
3.508666139558428,3.9727637114436867,-0.46409757188525846
0.7371324565635218,0.7101288807628727,0.02700357580064905
-0.2214055938825309,-0.7432958916961852,0.5218902978136543
0.6295602357172201,0.1891723162611132,0.4403879194561069
4.156179774433399,3.194440597457122,0.9617391769762769
4.893000217759402e-05,-0.4449664714476851,0.4450154014498627
2.599266038416721,2.9220518691921686,-0.32278583077544765
4.863291189139902,5.713736972648594,-0.8504457835086914
-1.7189589153931968,-1.214989176004118,-0.5039697393890787
3.66038871315633,4.6166928245268135,-0.9563041113704833
-2.8228550726501087,-2.576414223951353,-0.2464408486987555
0.9567688298555994,0.7365194317084834,0.22024939814711597
-2.666841733354238,-2.9666510248441784,0.2998092914899404
-1.0685951814979031,-0.6090505395457481,-0.45954464195215505
2.4916606867334115,2.088426723566614,0.4032339631667976
4.924981270693695,4.393509781634925,0.5314714890587702
-0.5441581961954098,0.9208275811800382,-1.464985777375448
0.5562408154632448,0.7333569400425862,-0.17711612457934145
-0.4148265128711255,0.22275983269843241,-0.6375863455695578
-2.459014590821578,-2.178197927451439,-0.280816663370139
1.1121862386579542,0.5818219771459374,0.5303642615120168
-0.3167674430916805,-0.845647308606686,0.5288798655150055
-2.349958674831312,-1.9954774194020612,-0.3544812554292509
2.4747800415595456,1.953153611385679,0.5216264301738667
-2.1349405177159984,-1.5633500642265448,-0.5715904534894536
3.492925034715858,3.917109496519579,-0.4241844618037214
-0.0482541324301616,-0.07436398041831505,0.026109847988153446
2.533302155805591,2.5069594634658015,0.026342692339789586
-1.28837985018719,-1.324707035115576,0.03632718492838616
0.5988597635365607,1.1264931988425064,-0.5276334353059458
3.4514845384946407,2.9650668277098533,0.48641771078478735
5.736436671621973,5.288970838099441,0.4474658335225312
0.7552386326406033,0.9970997633545784,-0.24186113071397508
-2.3688323024379887,-1.2783017682815474,-1.0905305341564413
0.4753759306939511,-0.8027662355073638,1.2781421662013148
-3.928026897807441,-3.198234479319292,-0.7297924184881488
7.750086746559059,6.554796979534986,1.1952897670240725
0.1771743562252407,0.10303000588371025,0.07414435034153044
-1.241140867574518,-1.1540139401840062,-0.08712692739051175
0.9174578139313588,0.8473571657248913,0.07010064820646755
2.3295191080572266,3.2176741535231166,-0.88815504546589
-1.943989681120464,-1.90613841587973,-0.0378512652407339
-1.98461193896238,-3.064803044526012,1.0801911055636322
14.388066040184157,14.111252758163376,0.2768132820207807
3.8135145030063713,3.639837919685939,0.17367658332043234
2.946088356172932,3.324782637960005,-0.3786942817870731
-6.411072110087994,-5.717435296131018,-0.6936368139569753
5.1917676598602,5.2724707345134805,-0.08070307465328064
4.205681878545453,4.478826005793208,-0.2731441272477557
0.0363064291421015,0.4058632038190596,-0.36955677467695813
0.9239825189621504,1.036794384406884,-0.11281186544473365
7.4267593194500545,6.534847816319772,0.8919115031302827
1.611608341096507,1.834823985482994,-0.223215644386487
7.462449554929811,7.8820734710361195,-0.41962391610630867
5.288512556008937,5.31767792561608,-0.029165369607143
1.0527129697047106,1.5730627221409654,-0.5203497524362548
1.6719247271131046,2.114866475843007,-0.44294174872990233
-2.213779492954775,-1.8749755749934556,-0.33880391796131937
-1.610757979323918,-0.47749791650916296,-1.133260062814755
-0.6514475938802144,-0.7458047119256874,0.09435711804547298
2.8335289740976872,2.0798705260227637,0.7536584480749235
1.14257756286922,0.8981771184132639,0.2444004444559562
-3.9179400160612903,-2.1873226805460497,-1.7306173355152406
9.327585408953802,8.860927706157831,0.4666577027959704
-1.6538997358479093,-1.8835354708444778,0.22963573499656853
-7.248979605477354,-6.057697594808689,-1.1912820106686652
-3.039958230857206,-2.28280505280882,-0.757153178048386
1.49441064292488,1.631713253187737,-0.13730261026285695
1.7684444248436153,1.0921283347686042,0.6763160900750111
2.1136933940022526,1.9990347521884209,0.11465864181383179
-1.6959556900914712,-1.0176333050158084,-0.6783223850756628
2.3816553968287635,1.8183810363797623,0.5632743604490011
-0.1270724261115286,-0.3243952031860634,0.1973227770745348
3.5851705375663503,3.270720449562496,0.3144500880038543
1.2602803906728524,1.2805084277764989,-0.020228037103646512
1.5422492724806929,1.2334620941847496,0.30878717829594327
3.929307189444961,3.2960072274947807,0.6332999619501805
4.240255063111814,4.50784718944682,-0.26759212633500606
4.650518978010876,4.644635170470883,0.005883807539992958
5.970228330101776,4.826170183276356,1.1440581468254196
2.9548023590772385,2.883604182246129,0.07119817683110963
-0.4524724765961693,0.44523161952816603,-0.8977040961243353
1.555569280689001,1.6478432766859834,-0.0922739959969825
-0.5781816920853686,-0.16954681127867188,-0.40863488080669674
-2.477837121202538,-1.8142615042042016,-0.6635756169983362
-0.9923703245598224,-0.5834035322815366,-0.4089667922782858
-2.140264881794728,-1.3582482080002425,-0.7820166737944856
0.0846244638308638,-0.39082494044122107,0.4754494042720849
-2.5187856713487817,-1.9008464295239333,-0.6179392418248484
5.779682172667796,5.489253215846238,0.29042895682155745
0.8791465761469732,1.237722201435202,-0.35857562528822884
-0.5993146615369902,-0.9784848382886927,0.3791701767517025
-3.2945333211146863,-3.467627863615517,0.17309454250083078
-0.0468879118612254,0.29546023314049896,-0.3423481450017244
8.709748509221628,8.921567411315092,-0.211818902093464
-1.0590024335495576,-0.38548791690346607,-0.6735145166460915
-0.8218773083387905,-1.5395087454115277,0.7176314370727372
-2.453116517254537,-3.004109610624449,0.5509930933699119
-3.4247931728294185,-2.362114330632142,-1.0626788421972764
3.501996549664235,2.8490612344654207,0.6529353151988144
3.8051428357209423,2.4407196882507805,1.3644231474701618
3.310475186744506,3.36012783382587,-0.049652647081364076
5.527484974462588,5.573985397676074,-0.046500423213485576
3.3591922575342874,3.395822092357032,-0.03662983482274473
-1.845096085892044,-1.6656661819938807,-0.17942990389816327
-0.6873264987520704,-1.7606634890832442,1.0733369903311738
3.0029777571905734,2.3386838642669234,0.6642938929236499
3.723731533883255,3.870574123699954,-0.14684258981669895
6.039651971752506,5.852656654181063,0.1869953175714434
-0.8591832501920638,-1.102497337237005,0.24331408704494129
0.5379076701897119,0.6761091568078353,-0.13820148661812348
-5.457841153460365,-5.444765119021512,-0.013076034438852524
4.15583833832138,4.573074057996638,-0.41723571967525785
0.5064200658002449,1.2742721054179458,-0.7678520396177009
0.7946945891184478,0.6954101281771718,0.09928446094127596
0.93484501326877,0.40712680372619836,0.5277182095425716
2.5660107373452195,2.0666283441571407,0.49938239318807875
-0.2912345987866889,-0.6535359494010362,0.3623013506143473
2.2422951610499497,1.8995071288091265,0.3427880322408232
4.201666608439999,3.807945092618368,0.39372151582163095
3.256699582086692,3.9436423214966605,-0.6869427394099685
2.609927364882623,2.0544050187725666,0.5555223461100565
1.603393123245391,1.5133697845188019,0.09002333872658919
12.38551297014699,12.342330582389183,0.043182387757807916
-2.159706950069872,-2.198984595706151,0.03927764563627889
0.0898722415355152,0.6184962126393689,-0.5286239711038537
-0.3661024415166943,-0.0359355400047815,-0.3301669015119128
3.868817997996083,2.7735297262209317,1.0952882717751513
-1.901254148197648,-0.18973075847140242,-1.7115233897262456
2.32642781323547,2.5757106316339944,-0.2492828183985245
-0.8959200413745855,-0.8725706690895488,-0.02334937228503664
4.066830723069228,3.235268472978999,0.8315622500902289
1.6955388057893477,1.7814853863896079,-0.08594658060026017
-6.315554230403489,-5.467440712137138,-0.8481135182663513
0.4526715272124251,0.06020263593190678,0.3924688912805183
-2.8601260386014182,-3.1663719042425007,0.30624586564108247
-2.4162234558461115,-2.338660554095614,-0.07756290175049774
3.3686767011672902,4.064286460859149,-0.6956097596918589
-0.9835087989921956,-0.25076547903491286,-0.7327433199572827
3.459641957525451,2.532247703634271,0.9273942538911797
-0.6741350349975155,-0.7106815490166324,0.036546514019116905
-1.217650147750724,-2.5236557472293653,1.3060055994786413
-0.8573384590827365,-1.704520863754823,0.8471824046720865
6.052857919607664,5.757407040719634,0.29545087888803057
2.953542381131186,2.683174948624193,0.2703674325069927
-0.6096400155467825,-0.1868040314560071,-0.4228359840907754
0.1365191878852915,0.6635711569969998,-0.5270519691117083
-1.1688010357481782,-0.7103156370332049,-0.4584853987149733
-4.729193706150992,-4.091671829810424,-0.6375218763405686
2.319466041630523,2.870672345396195,-0.5512063037656723
1.8596741932568224,1.77978002223956,0.07989417101726248
2.5436496273051272,1.5348050508924151,1.008844576412712
4.418059111409358,4.618949194076077,-0.20089008266671904
-1.9777898054251035,-1.367612423365926,-0.6101773820591776
1.163040870149294,1.162952696153404,8.81739958900063e-05
1.7731540735207765,1.642367135256673,0.13078693826410337
-4.732345436377365,-5.501634471914938,0.7692890355375734
1.7646286805387268,1.6023488421923568,0.16227983834636994
-4.528614090098455,-4.44054999116183,-0.08806409893662526
1.620128774289931,1.3336488835207936,0.2864798907691375
2.7197796941966934,2.1870578675131824,0.532721826683511
1.2331332639896757,1.1592675706115962,0.07386569337807947
0.653121313438602,0.9166814180386742,-0.2635601046000722
5.895055752769503,5.904164758332494,-0.009109005562991435
2.9537227954955365,2.5468372805188646,0.4068855149766719
2.3172837223553318,2.2910592347890057,0.026224487566326005
2.4565674403588305,3.062090528239672,-0.6055230878808415
-0.8149690750569483,-1.2527631160316797,0.4377940409747314
8.005612598385644,9.324637450591691,-1.3190248522060468
1.0906973857915787,1.8890946179237245,-0.7983972321321458
-0.662769561661348,-0.36920483576328955,-0.2935647258980585
2.3145602064179904,2.000592610553701,0.31396759586428935
1.868804957195963,1.886787768702285,-0.01798281150632186
2.486543137162233,1.5891378688860436,0.8974052682761893
-2.957928151386055,-2.7632821593453847,-0.19464599204067046
-0.6311372330227536,-1.0759328352665825,0.44479560224382886
0.5889479578776311,0.8600227089934338,-0.2710747511158027
-0.8453114461924246,-0.3718672704873929,-0.4734441757050317
5.22482632055705,5.517515702383049,-0.2926893818259986
-0.6075748624885711,-1.0976328555809753,0.4900579930924043
-2.699719185321316,-1.8728485171668234,-0.8268706681544926
0.3672281504368185,1.1890635881293279,-0.8218354376925094
1.916305480051918,0.8500129654731549,1.066292514578763
8.143338159862985,7.49791067214422,0.6454274877187647
7.137857583275975,6.012262702396186,1.125594880879789
-1.845540720759012,-2.4255048338865106,0.5799641131274986
2.822867993472704,2.44655965896884,0.37630833450386403
3.177412610163341,3.74704321823695,-0.5696306080736089
0.5845633555994849,0.764844162488886,-0.18028080688940107
2.65200783346047,1.74417643638396,0.9078313970765102
1.4991418528674614,1.8981208203851623,-0.3989789675177009
4.103938465950843,3.866432898063743,0.23750556788709964
-0.9982345211360184,-0.6047746394550315,-0.3934598816809869
2.7952375703950385,2.9953680253215427,-0.20013045492650416
1.747282034016714,1.9746623641292822,-0.2273803301125683
1.2845232684344117,0.4547189575326761,0.8298043109017356
-3.182169473630164,-2.501075132053527,-0.6810943415766371
-1.0087366053398197,-0.48706076619393524,-0.5216758391458844
2.7627740575861783,2.8720777332302294,-0.10930367564405108
-0.9947052935747256,-0.9287273052206727,-0.06597798835405289
-1.7597562537635874,-2.885840024714197,1.1260837709506095
-3.673116490689897,-2.7607624084426305,-0.9123540822472664
-4.629646200950323,-4.634561566475145,0.0049153655248215244
0.9502903323739454,1.4468740539408118,-0.49658372156686637
3.354382977877296,3.469751697449438,-0.11536871957214201
0.100275457726377,0.8716230433314438,-0.7713475856050668
0.8765513013526548,1.64651447174869,-0.7699631703960351
9.692218473010788,10.320662833808594,-0.6284443607978059
5.599063214346994,5.3698009973412315,0.2292622170057621
2.0648286221770595,1.057007814478385,1.0078208076986745
1.988539559616316,2.641354635835511,-0.6528150762191951
-3.351355959711988,-3.0664056339176704,-0.28495032579431756
-3.231829241967052,-2.9149741440007664,-0.31685509796628564
-0.2832495893138695,-0.4977313221280296,0.2144817328141601
0.1112144007685686,0.631948791375751,-0.5207343906071824
0.4311226660308412,1.4740619176431382,-1.042939251612297
0.0532472267136085,-0.376754892848879,0.43000211956248746
6.86157442008386,6.214583671965504,0.6469907481183563
4.730793364469721,4.077109492883056,0.6536838715866651
2.195418829496079,2.4880191923334247,-0.2926003628373457
3.885002543741074,3.8492312032668687,0.03577134047420527
1.3855548717068769,1.1092004804064834,0.2763543913003934
-4.973538200511395,-4.961309168736368,-0.012229031775026655
7.81917558512299,7.855017617513537,-0.03584203239054773
2.311462952435831,2.94686598695596,-0.6354030345201287
-0.1959558610564935,-0.5633011365370664,0.36734527548057283
1.8253913305840448,1.7630441769998295,0.062347153584215276
-3.835007245370568,-3.7995729879328577,-0.035434257437710226
-1.950172875287216,-1.7777688948502464,-0.1724039804369697
1.064253114160029,0.8449553518321562,0.2192977623278729
-1.4080735775091788,-1.5052059362852392,0.09713235877606041
-0.591513590910881,0.1309841620319615,-0.7224977529428425
3.7775609647617,3.04628579947256,0.7312751652891403
2.16148146817101,2.6484222532540973,-0.48694078508308714
0.3217571769099168,-0.261639235708386,0.5833964126183028
3.2640700417047963,3.8746434696961987,-0.6105734279914024
-0.1002749567940982,0.19396291125514442,-0.2942378680492426
0.218975336246403,0.2633972264231419,-0.04442189017673889
-0.9941995347810384,-1.142109798208823,0.14791026342778468
0.094460826735374,-0.9810614530943924,1.0755222798297663
3.429220042431843,2.443306161223293,0.9859138812085497
-1.7500792791069455,-1.4294717805111379,-0.3206074985958076
5.070304670905136,5.1240129764443925,-0.05370830553925643
0.385392620591619,0.9297801910801617,-0.5443875704885428
-4.484694003663538,-4.727564133497193,0.24287012983365486
2.336291963001379,2.9453085008084736,-0.6090165378070944
2.3593407196480465,2.6567998016232197,-0.29745908197517323
-2.5606072344003192,-2.5351651043972216,-0.025442130003097585
4.396320237381202,3.965604023907138,0.4307162134740641
-3.076574960791856,-2.7845885112938884,-0.2919864494979678
2.7960721192911158,3.055015084854389,-0.2589429655632731
-0.2032398119932813,0.01863763069006763,-0.22187744268334894
-5.36829221938252,-5.788308538420197,0.42001631903767667
0.3605860732735427,1.1755542037361546,-0.814968130462612
-0.7544927857432301,-0.49669922057533455,-0.25779356516789553
3.498689117531307,4.201059268119404,-0.7023701505880968
0.2642646630956808,0.6636131042482207,-0.3993484411525399
3.510622620950661,4.9044019001516626,-1.3937792792010018
1.5931872089424477,1.8941378632616201,-0.30095065431917245
0.1802617645190575,0.47009551276446615,-0.28983374824540864
0.947129147185103,1.7750902596634601,-0.8279611124783571
-0.480536756007636,-0.7293658706910606,0.2488291146834246
0.8348458578137559,1.8773901193760802,-1.0425442615623244
-2.8084243790864742,-3.211008582724844,0.4025842036383698
-3.409943778403552,-2.8232823331825876,-0.5866614452209644
1.883052965708487,1.7753413968454899,0.10771156886299704
-0.0833945280902272,-0.1372975977283668,0.05390306963813961
0.6368314216028776,0.268933102171754,0.36789831943112367
-0.7004088945473869,-0.6305911628379646,-0.06981773170942229
0.3863133964482065,0.7276493389284652,-0.34133594248025867
0.5168432940222603,0.6223835494330746,-0.10554025541081435
2.553607552046535,3.227259123686661,-0.6736515716401259
3.259049878671347,2.9384364282397764,0.3206134504315705
-0.1561987061491886,-0.13694433502450365,-0.01925437112468495
5.212468571589862,5.596544897074375,-0.3840763254845134
-1.412001933367399,-2.1450442537944707,0.7330423204270717
-2.091661478135112,-1.3123786731473408,-0.7792828049877714
0.8967585094885275,0.986460741913009,-0.0897022324244815
-0.8893411945377078,-0.10092902916021984,-0.7884121653774879
3.0041521261153807,3.5389922097918145,-0.5348400836764338
-2.459456480444674,-3.0223053508109987,0.5628488703663246
-4.685133798553597,-3.397324715110339,-1.2878090834432578
-3.6689659169287454,-2.4685613376208457,-1.2004045793078997
-4.14328589825145,-3.4582009190133927,-0.6850849792380571
3.623851371087963,3.5920366611052845,0.03181470998267866
2.454574060401639,2.6675868905891083,-0.21301283018746942
6.091350799902502,5.568487024557471,0.5228637753450309
-1.7635875733058364,-1.0815788535900333,-0.6820087197158031
-1.3969717652468092,-1.3469919513443482,-0.04997981390246098
-1.4913192460329068,-1.0718508380928058,-0.419468407940101
-0.2670945609357267,-0.9014221750333532,0.6343276140976265
-2.1389556399213467,-2.5160505896224885,0.37709494970114177
2.083378309218163,2.097976271172198,-0.014597961954035288
-0.2830912602169361,0.45531599929210076,-0.7384072595090369
-6.52124388933634,-6.761849466387316,0.2406055770509763
3.158319770990388,2.246005143505533,0.912314627484855
1.8905599840411695,2.1519540871965965,-0.261394103155427
5.093033224328752,5.244446600306,-0.15141337597724824
1.3387139834080224,0.8102550784381866,0.5284589049698358
3.291869863812656,3.9242003303069404,-0.6323304664942846
1.1848115697726955,0.2622836886903941,0.9225278810823014
-0.4010082759372125,-1.1359227920418422,0.7349145161046298
-8.010481954017758,-8.042948851804642,0.032466897786884275
-1.8277082782392315,-2.059740352252472,0.23203207401324066
-4.134846977372349,-3.519853331746941,-0.6149936456254079
2.77616592843662,1.5209315413531876,1.2552343870834322
-6.777021325926397,-6.21160760255608,-0.5654137233703178
-2.3209996696344004,-2.635085875933627,0.3140862062992267
-3.913349380398024,-3.920999222650395,0.007649842252371197
-1.9543754913276128,-2.0329506624389664,0.07857517111135359
-4.611871537439842,-4.051265014056176,-0.5606065233836661
1.7881307359369725,1.106221023303543,0.6819097126334295
2.6168780679144725,0.9634853924600321,1.6533926754544406
5.609507123060396,5.956261270600348,-0.3467541475399516
5.190277026502453,4.827925563919323,0.36235146258312945
2.226821543326356,1.6763107111698337,0.5505108321565224
1.205095840380694,0.9758231970789923,0.2292726433017016
-2.4237140203268623,-1.8174841858366824,-0.60622983449018
-4.725537940556242,-5.452386128023534,0.7268481874672919
-3.567093147929965,-2.9086390184093074,-0.6584541295206576
-2.720901029346904,-2.4367806675740225,-0.2841203617728816
-2.5322824036462004,-2.0140454509910874,-0.5182369526551129
3.9715144687220674,4.866895760892353,-0.8953812921702857
-1.285258020827015,-1.4954207223084701,0.2101627014814551
0.9064740842665376,0.6879450928848814,0.21852899138165627
